Model,Device number,Seqlen,Pipeline parallelism,Tensor parallelism,Phase,Total Latency (s),Throughput (tokens/s),Energy per Token (mJ),Total power (W)
Llama2-13B,20,128,1,20,prefill,0.2028012636919642,631.1597751896643,324.29956322899847,348.0281204835681
Llama2-13B,20,128,2,10,prefill,0.2077156144062499,1232.4542896390806,184.3769456296478,376.51768594344975
Llama2-13B,20,128,4,5,prefill,0.2438233571339285,2099.880856446275,155.66051508455638,487.2537369807534
Llama2-13B,20,128,5,4,prefill,0.2697574034107143,2372.502077452086,158.81512509108265,536.0956680678179
Llama2-13B,20,128,10,2,prefill,0.3495333554508928,3662.025326163275,134.63063625715705,633.3353855935205
Llama2-13B,20,128,20,1,prefill,0.5248723916339286,4877.375988534501,127.05089775403898,719.8759009237856
Llama2-13B,20,128,40,1,prefill,0.922953445169643,5547.408730956004,121.8983464357655,732.9387782530417
Llama2-13B,20,256,1,20,prefill,0.4141529273839285,618.3927393227333,324.5432318555788,340.29516265733923
Llama2-13B,20,256,2,10,prefill,0.4239816288124999,1208.0908287710809,184.6155464125491,368.7487443518049
Llama2-13B,20,256,4,5,prefill,0.4961971142678571,2064.308969973488,155.8965819456181,479.7157330612866
Llama2-13B,20,256,5,4,prefill,0.5480652068214286,2336.057102653608,159.05068516777652,528.9982888845504
Llama2-13B,20,256,10,2,prefill,0.7076171109017857,3618.304016731912,134.8651827651151,627.8799470585409
Llama2-13B,20,256,20,1,prefill,1.058295183267857,4838.285499426767,127.28493747762911,716.6743047427052
Llama2-13B,20,256,40,1,prefill,1.862656970339286,5497.9678501104,122.09516661247544,729.383776046459
Llama2-13B,20,384,1,20,prefill,0.6338629910758927,606.4571486765143,324.78676855899204,333.17042073913166
Llama2-13B,20,384,2,10,prefill,0.6486060432187499,1185.2872895047549,184.8540152722834,361.57608736614367
Llama2-13B,20,384,4,5,prefill,0.7569292714017857,2030.772982927809,156.1325168835129,472.6742980521635
Llama2-13B,20,384,5,4,prefill,0.8347314102321427,2301.5586508940937,159.28611332130342,522.33239822904
Llama2-13B,20,384,10,2,prefill,1.074059266352679,3576.5519763938414,135.0995973499062,622.7092215617877
Llama2-13B,20,384,20,1,prefill,1.600076374901786,4800.575267392721,127.37006585469446,712.8000945699409
Llama2-13B,20,384,40,1,prefill,2.830482095508929,5428.715868706381,122.59380439284313,724.5563140357226
Llama2-13B,20,512,1,20,prefill,0.862097854767857,595.0493114877384,325.0303597763263,326.3820459653154
Llama2-13B,20,512,2,10,prefill,0.8817552576250001,1163.467786010428,185.09253864593865,354.72286689092334
Llama2-13B,20,512,4,5,prefill,1.0261862285357142,1998.4620684918789,156.36850633532865,465.86325153564593
Llama2-13B,20,512,5,4,prefill,1.129922413642857,2268.190927021409,159.52159598875124,515.8478010689672
Llama2-13B,20,512,10,2,prefill,1.4490262218035714,3535.822516962668,135.33406644861822,617.6197929189567
Llama2-13B,20,512,20,1,prefill,2.150382366535715,4763.420786894956,127.64122302487804,709.9648416242869
Llama2-13B,20,512,40,1,prefill,3.815057300678572,5371.589953119132,122.94153337138196,720.4876729832306
Llama2-13B,20,640,1,20,prefill,1.0991007184598214,584.0550216656045,325.2740797801891,319.8352653650122
Llama2-13B,20,640,2,10,prefill,1.12367247203125,1142.4168774130017,185.3311908061225,348.0935067727148
Llama2-13B,20,640,4,5,prefill,1.3042111856696428,1967.0819137202168,156.60462457367296,459.193063736334
Llama2-13B,20,640,5,4,prefill,1.4338814170535712,2235.6621628341863,159.75720744272766,509.46077374361965
Llama2-13B,20,640,10,2,prefill,1.8327611772544643,3495.7851448454103,135.56866433385883,612.5432176725375
Llama2-13B,20,640,20,1,prefill,2.721027558169644,4707.966655294313,128.2599021431178,705.6089934932254
Llama2-13B,20,640,40,1,prefill,4.827754105848215,5308.433442192541,123.40998939138385,716.0268615390054
Llama2-13B,20,768,1,20,prefill,1.3446539821517856,573.5911569804192,325.5177826582911,313.6440332577367
Llama2-13B,20,768,2,10,prefill,1.3741400864375,1122.3621023911444,185.5698258405454,341.81081937626635
Llama2-13B,20,768,4,5,prefill,1.5907865428035717,1937.0041926551005,156.84072568625643,452.8055653780365
Llama2-13B,20,768,5,4,prefill,1.7463908204642853,2204.3748649721347,159.99280177094323,503.31407580601336
Llama2-13B,20,768,10,2,prefill,2.225046532705357,3456.976100673708,135.80324509333855,607.6096355608646
Llama2-13B,20,768,20,1,prefill,3.300223149803573,4659.959403306732,128.75036812980773,701.7742930994933
Llama2-13B,20,768,40,1,prefill,5.857200991017858,5252.6186356911085,123.78790013028843,712.0229038717058
Llama2-13B,20,896,1,20,prefill,1.59856564584375,563.6656100450438,325.7614192117439,307.82147830939874
Llama2-13B,20,896,2,10,prefill,1.6329661008437502,1103.322003879047,185.8083945503192,335.89234577528725
Llama2-13B,20,896,4,5,prefill,1.8857202999375,1908.286884983767,157.0767604741907,446.7326694974119
Llama2-13B,20,896,5,4,prefill,2.0672586238749995,2174.405726769029,160.2283297745096,497.4440307026613
Llama2-13B,20,896,10,2,prefill,2.62569028815625,3419.530690791266,136.03775952816915,602.8586134950257
Llama2-13B,20,896,20,1,prefill,3.887777141437501,4616.686116134313,129.10375903097625,697.9648130566993
Llama2-13B,20,896,40,1,prefill,6.914769476187501,5193.857978604085,124.2434211101336,707.8261678284508
Llama2-13B,20,1024,1,20,prefill,1.8610021095357143,554.1745464154562,326.00505805964724,302.2803196273809
Llama2-13B,20,1024,2,10,prefill,1.90031691525,1085.099674738235,186.0469655545436,330.24899740346973
Llama2-13B,20,1024,4,5,prefill,2.189178857071429,1880.6529696032044,157.31279755657556,440.8876441376779
Llama2-13B,20,1024,5,4,prefill,2.396651227285714,2145.4762811689093,160.4638600725266,491.7685893253184
Llama2-13B,20,1024,10,2,prefill,3.034858843607142,3383.1262458859933,136.27227625745036,598.222298402568
Llama2-13B,20,1024,20,1,prefill,4.48385593307143,4576.442132421096,129.48309107678762,694.7318353389751
Llama2-13B,20,1024,40,1,prefill,7.989088041357143,5140.352195243142,124.63426688919496,703.9554142952284
Llama2-13B,20,1152,1,20,prefill,2.139323373227678,543.6996171052638,326.3944966909706,295.8980154048116
Llama2-13B,20,1152,2,10,prefill,2.18355252965625,1064.959837304409,186.431336342188,323.777942788444
Llama2-13B,20,1152,4,5,prefill,2.508522214205357,1849.8348580215995,157.6946344223804,434.12829497853454
Llama2-13B,20,1152,5,4,prefill,2.741928630696428,2113.0435897073294,160.84519015396353,485.1712601478301
Llama2-13B,20,1152,10,2,prefill,3.471483399058036,3332.9544880519734,136.85385449452008,591.5330223771366
Llama2-13B,20,1152,20,1,prefill,5.107390724705359,4524.129112557425,130.1771908301879,690.667033071514
Llama2-13B,20,1152,40,1,prefill,9.101862926526788,5080.436430529346,125.18820780967091,699.7515424657624
Llama2-13B,20,1280,1,20,prefill,2.4261950369196428,533.9489106926196,326.7547813213454,290.0384451996138
Llama2-13B,20,1280,2,10,prefill,2.4753385440625,1046.1993814473412,186.78655312888367,317.8201382479001
Llama2-13B,20,1280,4,5,prefill,2.8364159713392856,1820.99951132258,158.04731728723664,427.8491503864065
Llama2-13B,20,1280,5,4,prefill,3.0957564341071424,2082.6181763227646,161.19736623445186,479.016313636054
Llama2-13B,20,1280,10,2,prefill,3.916658354508928,3287.1864448941938,137.36602638576744,585.4558913458775
Llama2-13B,20,1280,20,1,prefill,5.739475916339288,4476.724898528468,130.77927857762617,686.9325446176127
Llama2-13B,20,1280,40,1,prefill,10.23138789169643,5025.68068795509,125.67072458139371,695.8533576957318
Llama2-13B,20,1408,1,20,prefill,2.7214251006116075,524.8226625846478,327.0938270628937,284.62368623865666
Llama2-13B,20,1408,2,10,prefill,2.7754829584687504,1028.628778790662,187.12053102675307,312.3020961916391
Llama2-13B,20,1408,4,5,prefill,3.172668128473214,1793.8783568032266,158.3787612632665,421.9868342961814
Llama2-13B,20,1408,5,4,prefill,3.457942637517857,2053.929876477356,161.5283034261138,473.2475540700467
Llama2-13B,20,1408,10,2,prefill,4.370191709959821,3244.9225997864773,137.82768495555305,579.8718330930132
Llama2-13B,20,1408,20,1,prefill,6.3799195079732165,4433.13440525984,131.2738418595966,683.2758261424261
Llama2-13B,20,1408,40,1,prefill,11.389034456866073,4970.870272107947,126.18361040956626,691.939321311271
Llama2-13B,20,1536,1,20,prefill,3.025179964303572,516.2034764987603,327.4169728027266,279.5594870937521
Llama2-13B,20,1536,2,10,prefill,3.0841521728750005,1012.023614266538,187.43860892290687,307.1296362837412
Llama2-13B,20,1536,4,5,prefill,3.517445085607142,1768.1399967988718,158.69430523758086,416.4476384278037
Llama2-13B,20,1536,5,4,prefill,3.8286536409285694,2026.6367370041323,161.84334061606026,467.77542699228667
Llama2-13B,20,1536,10,2,prefill,4.832249865410714,3205.363555026514,138.25148769914654,574.6549814549659
Llama2-13B,20,1536,20,1,prefill,7.028887899607145,4392.433385384218,131.7621705078619,680.0219159595139
Llama2-13B,20,1536,40,1,prefill,12.563431102035716,4919.938205977839,126.64381862916171,688.2579697889337
Llama2-13B,20,1664,1,20,prefill,3.337702827995536,508.0009040214767,327.7279289185322,274.7739555698521
Llama2-13B,20,1664,2,10,prefill,3.40158938728125,996.2109277633384,187.74449719503352,302.2305038191103
Llama2-13B,20,1664,4,5,prefill,3.870990042741071,1743.5283995176917,158.99765958786796,411.1587042575607
Llama2-13B,20,1664,5,4,prefill,4.208132644339285,2000.474128214016,162.14618818197945,462.5298122255904
Llama2-13B,20,1664,10,2,prefill,5.303076020861607,3167.922167440299,138.64621172296157,569.710698743251
Llama2-13B,20,1664,20,1,prefill,7.698195491241074,4348.772993736718,132.35075044721316,676.5229311312485
Llama2-13B,20,1664,40,1,prefill,13.76594934720536,4868.999240634822,127.13315582761886,684.5703791278445
Llama2-13B,20,1792,1,20,prefill,3.6587760916875,500.1910469437823,328.02927253587706,270.2511935711468
Llama2-13B,20,1792,2,10,prefill,3.7275770016875,981.1462835979386,188.04077296869937,297.5917469489056
Llama2-13B,20,1792,4,5,prefill,4.233085399875,1719.9900974525392,159.29140143969428,406.11500388707645
Llama2-13B,20,1792,5,4,prefill,4.59616204775,1975.3945150801544,162.43942324943788,457.5096015202794
Llama2-13B,20,1792,10,2,prefill,5.782452576312499,3132.3659234797583,139.01805324451132,565.0179125383377
Llama2-13B,20,1792,20,1,prefill,8.376053482875003,4307.903653171809,132.88868178431284,673.2170142909137
Llama2-13B,20,1792,40,1,prefill,14.985217672375002,4821.159276023994,127.58070488011212,681.070354979972
Llama2-13B,20,1920,1,20,prefill,3.988207755379464,492.74817430137887,328.32289976981986,265.9731929955141
Llama2-13B,20,1920,2,10,prefill,4.061923016093751,966.7814546749416,188.3293323589632,293.1973087397465
Llama2-13B,20,1920,4,5,prefill,4.603539157008929,1697.4633463310868,159.5774269081186,401.3062376419793
Llama2-13B,20,1920,5,4,prefill,4.992549851160715,1951.3402444102765,162.7249419334943,452.70771464976985
Llama2-13B,20,1920,10,2,prefill,6.270187531763392,3098.4999406851693,139.37156237961543,560.5565351892675
Llama2-13B,20,1920,20,1,prefill,9.062269874508932,4269.416852679921,133.35631603478126,669.9523702119156
Llama2-13B,20,1920,40,1,prefill,16.232607597544646,4773.38669689621,128.05518693656583,677.572611049169
Llama2-13B,20,2048,1,20,prefill,4.326164219071428,485.623101507853,328.6102793159268,261.9017835828497
Llama2-13B,20,2048,2,10,prefill,4.4047938305,953.022419648884,188.61164406139105,289.00844871924784
Llama2-13B,20,2048,4,5,prefill,4.9825177141428565,1675.809382124432,159.857204688707,396.6928513972644
Llama2-13B,20,2048,5,4,prefill,5.397462454571428,1928.1682288259667,163.0042129297148,448.0859150366799
Llama2-13B,20,2048,10,2,prefill,6.766447287214286,3066.049593362157,139.71019832441067,556.2805401776251
Llama2-13B,20,2048,20,1,prefill,9.75701106614286,4232.87988784471,133.82264043890854,666.9638839589618
Llama2-13B,20,2048,40,1,prefill,17.496747602714283,4728.18654699428,128.49496125805155,674.2316039249783
Llama2-13B,20,2176,1,20,prefill,4.679841642763393,478.3459606318768,328.96493124278845,257.6895527005065
Llama2-13B,20,2176,2,10,prefill,4.76338560490625,938.956613506672,188.9612281445737,284.68098941366446
Llama2-13B,20,2176,4,5,prefill,5.377217231276785,1653.5376140271726,160.20425485005018,391.88978012728086
Llama2-13B,20,2176,5,4,prefill,5.829667217982141,1901.8512511113968,163.45730663135578,442.662351381107
Llama2-13B,20,2176,10,2,prefill,7.289999202665179,3029.5077778635205,140.2155536196487,551.4000908752001
Llama2-13B,20,2176,20,1,prefill,10.479044417776787,4192.448282120216,134.44060240010216,663.7191248973958
Llama2-13B,20,2176,40,1,prefill,18.799198007883927,4681.296267323363,129.01234884386508,670.812601142983
Llama2-13B,20,2304,1,20,prefill,5.042069466455358,471.4027832951334,329.3072516918411,253.69772584832
Llama2-13B,20,2304,2,10,prefill,5.130527779312501,925.529999492108,189.2984807499473,280.57330326629005
Llama2-13B,20,2304,4,5,prefill,5.780467148410714,1632.2124176859552,160.5389735335843,387.304393462927
Llama2-13B,20,2304,5,4,prefill,6.270422381392856,1876.862477370294,163.88622993022486,437.5324214298912
Llama2-13B,20,2304,10,2,prefill,7.822101518116073,2994.8435899978704,140.6908190496334,546.773242014695
Llama2-13B,20,2304,20,1,prefill,11.209628169410715,4154.203781414992,135.01590633489542,660.6243890137514
Llama2-13B,20,2304,40,1,prefill,20.11839849305357,4636.843066778268,129.49411782866713,667.5403487688475
Llama2-13B,20,2432,1,20,prefill,5.4126556901473215,464.7709894515389,329.63916690855444,249.9106278116256
Llama2-13B,20,2432,2,10,prefill,5.50602835371875,912.69982128557,189.62532812298173,276.67095345129235
Llama2-13B,20,2432,4,5,prefill,6.192075465544643,1611.7749749962202,160.8632869847792,382.92544837402494
Llama2-13B,20,2432,5,4,prefill,6.71953594480357,1853.081785361121,164.29477837573333,432.6712150471933
Llama2-13B,20,2432,10,2,prefill,8.362562233566965,2961.8702299665333,141.1407248157468,542.3788383950637
Llama2-13B,20,2432,20,1,prefill,11.948570321044643,4117.898946723974,135.53177861206464,657.5718034394062
Llama2-13B,20,2432,40,1,prefill,21.46572057822321,4592.805573061742,129.99354761319492,664.2939241337357
Llama2-13B,20,2560,1,20,prefill,5.791766713839286,458.4140382444878,329.962255176722,246.30082568522823
Llama2-13B,20,2560,2,10,prefill,5.890053728125,900.3959610607324,189.9433485474703,272.94601608472897
Llama2-13B,20,2560,4,5,prefill,6.612208582678571,1592.1192947334605,161.17877348742823,378.7234848516407
Llama2-13B,20,2560,5,4,prefill,7.177174308214284,1830.3519038485265,164.68602569482783,428.0385437274013
Llama2-13B,20,2560,10,2,prefill,8.911547749017858,2930.3553862085305,141.5690923665122,538.1793559651779
Llama2-13B,20,2560,20,1,prefill,12.696037272678572,4083.24902864318,136.04177920949093,654.7359257491586
Llama2-13B,20,2560,40,1,prefill,22.82979274339285,4550.83864962895,130.4627164369409,661.1730706419273
Llama2-13B,20,2688,1,20,prefill,6.179645737531249,452.2990744887833,330.2778029606504,242.8437251128856
Llama2-13B,20,2688,2,10,prefill,6.28284710253125,888.5553035922627,190.25382848771963,269.373259390944
Llama2-13B,20,2688,4,5,prefill,7.052680899812501,1571.655928311953,161.57297453056745,374.28426309544415
Llama2-13B,20,2688,5,4,prefill,7.643580671624998,1808.534859436539,165.06246894865325,423.5985443135393
Llama2-13B,20,2688,10,2,prefill,9.46930126446875,2900.0965841049874,141.9790240614936,534.1409099325616
Llama2-13B,20,2688,20,1,prefill,13.463843424312502,4047.578832112853,136.61177613481223,651.8201438387597
Llama2-13B,20,2688,40,1,prefill,24.22198650856249,4509.2581898395165,130.94906409482505,658.0780809683297
Llama2-13B,20,2816,1,20,prefill,6.576075161223214,446.4164887726316,330.58681627572884,239.5336622895992
Llama2-13B,20,2816,2,10,prefill,6.6841908769375005,877.1599334146566,190.55777395911912,265.94813935268934
Llama2-13B,20,2816,4,5,prefill,7.501703616946428,1552.0467548843903,161.95279973897237,370.0437524391736
Llama2-13B,20,2816,5,4,prefill,8.118537435035712,1787.5783238083902,165.42610464092127,419.3430262404648
Llama2-13B,20,2816,10,2,prefill,10.035605179919644,2871.013577542728,142.37301164856376,530.2581115478695
Llama2-13B,20,2816,20,1,prefill,14.240199975946432,4013.482247862418,137.1512314963398,649.0138321942135
Llama2-13B,20,2816,40,1,prefill,25.630930353732147,4469.47043814931,131.40909107260242,655.0924807438528
Llama2-13B,20,2944,1,20,prefill,6.980862984915179,440.7555564471284,330.89013023661187,236.3638802853393
Llama2-13B,20,2944,2,10,prefill,7.093893051343751,866.1896812274812,190.85602007632312,262.6646855250287
Llama2-13B,20,2944,4,5,prefill,7.959084734080356,1533.2367467200013,162.32010701415172,365.99045961824737
Llama2-13B,20,2944,5,4,prefill,8.601852598446428,1767.430905866638,165.77858611576977,415.2628958524048
Llama2-13B,20,2944,10,2,prefill,10.610267495370538,2843.030163539546,142.75311758660243,526.5244548717478
Llama2-13B,20,2944,20,1,prefill,15.024914927580362,3980.823502782427,137.6447084079402,646.2363552419775
Llama2-13B,20,2944,40,1,prefill,27.06799579890179,4430.050687196875,131.8855980159815,652.1329064881055
Llama2-13B,20,3072,1,20,prefill,7.394175608607142,435.2946139368626,331.1884718450259,233.3184949352964
Llama2-13B,20,3072,2,10,prefill,7.512120025750001,855.6029368533542,191.14929384105804,259.5065445295517
Llama2-13B,20,3072,4,5,prefill,8.424990651214284,1515.1408120739425,162.67647568021084,362.1011240130079
Llama2-13B,20,3072,5,4,prefill,9.093692561857145,1748.0061294208645,166.12132223282828,411.3358013541754
Llama2-13B,20,3072,10,2,prefill,11.193454610821426,2816.0220679815825,143.12109166419057,522.9189615074005
Llama2-13B,20,3072,20,1,prefill,15.818154679214286,3949.4255004017687,138.1351585335522,643.6267765871704
Llama2-13B,20,3072,40,1,prefill,28.52181132407143,4392.205546729312,132.33879772880482,649.2699355097826
Llama2-13B,20,3200,1,20,prefill,7.823209192299106,429.8166270927066,331.53168170736853,230.24513850797555
Llama2-13B,20,3200,2,10,prefill,7.946067960156251,844.976120318124,191.48743585972173,256.3230033226443
Llama2-13B,20,3200,4,5,prefill,8.906617528348214,1497.05772343628,163.0724622943456,358.2057903940424
Llama2-13B,20,3200,5,4,prefill,9.601253485267856,1728.5231791956835,166.50472635913303,407.3834489916867
Llama2-13B,20,3200,10,2,prefill,11.80393388627232,2787.2497162000554,143.6000878494564,519.0626858674738
Llama2-13B,20,3200,20,1,prefill,16.638686590848213,3916.245576693738,138.72679214025052,640.9142903676881
Llama2-13B,20,3200,40,1,prefill,30.01393724924108,4353.771156152372,132.84370043006405,646.3930982473141
Llama2-13B,20,3328,1,20,prefill,8.26079317599107,424.535805917679,331.8672345515757,227.294979112381
Llama2-13B,20,3328,2,10,prefill,8.388566294562501,834.7283176549861,191.8179208602498,253.26361198293355
Llama2-13B,20,3328,4,5,prefill,9.396794805482145,1479.652428773271,163.45614738901318,354.465519822051
Llama2-13B,20,3328,5,4,prefill,10.117364808678571,1709.735462571449,166.8767578662369,403.5782855070751
Llama2-13B,20,3328,10,2,prefill,12.422963561723211,2759.5767364679823,144.06028021339088,515.3524177464647
Llama2-13B,20,3328,20,1,prefill,17.467768902482142,3884.380412875644,139.2909185251713,638.2924472539403
Llama2-13B,20,3328,40,1,prefill,31.52281325441072,4316.828200332368,133.32490447558868,643.6069365949995
Llama2-13B,20,3456,1,20,prefill,8.706735559683034,419.44309443446815,332.1959664993104,224.4623482581021
Llama2-13B,20,3456,2,10,prefill,8.839423028968751,824.8423749817977,192.1415849643056,250.3232607238849
Llama2-13B,20,3456,4,5,prefill,9.895330482616073,1462.887810738706,163.8288831415803,350.87298908833105
Llama2-13B,20,3456,5,4,prefill,10.641834532089284,1691.6074885434582,167.23866572036593,399.9144314996553
Llama2-13B,20,3456,10,2,prefill,13.050351637174106,2732.9333217912576,144.5037434113456,511.7816293682842
Llama2-13B,20,3456,20,1,prefill,18.30520961411607,3853.7342059002544,139.81405059916202,635.6976476368628
Llama2-13B,20,3456,40,1,prefill,33.05981085958037,4280.322333532582,133.81857833864458,640.8514928210269
Llama2-13B,20,3584,1,20,prefill,9.161202743374998,414.52185887289545,332.51862086015365,221.735335647364
Llama2-13B,20,3584,2,10,prefill,9.298804563375,815.2862538978507,192.45917148146987,247.48965068248285
Llama2-13B,20,3584,4,5,prefill,10.40239095975,1446.704013449635,164.1918551950881,347.4120248816138
Llama2-13B,20,3584,5,4,prefill,11.174829055499998,1674.0773213423763,167.59154709786927,396.3760099690383
Llama2-13B,20,3584,10,2,prefill,13.686264512625,2707.2162157921985,144.93228235320586,508.33329292520114
Llama2-13B,20,3584,20,1,prefill,19.15117512575,3824.176844705634,140.33247005927768,633.2418979087882
Llama2-13B,20,3584,40,1,prefill,34.613558544750006,4245.141476211304,134.29104836696152,638.1770705772761
Llama2-13B,20,3712,1,20,prefill,9.624437927066964,409.7561922285137,332.8358447949841,219.1025139274268
Llama2-13B,20,3712,2,10,prefill,9.76695409778125,806.0292735489447,192.7713275726213,244.75087199639023
Llama2-13B,20,3712,4,5,prefill,10.91821943688393,1431.0444958663657,164.54609203236345,344.06701939116925
Llama2-13B,20,3712,5,4,prefill,11.716591578910712,1657.0860139184424,167.936354217184,392.94749297259176
Llama2-13B,20,3712,10,2,prefill,14.330945388075891,2682.32870741136,145.3474593725264,504.99071630346526
Llama2-13B,20,3712,20,1,prefill,20.017479837383927,3794.207998848095,140.89375452492496,630.7577099986026
Llama2-13B,20,3712,40,1,prefill,36.195427829919645,4210.366840576016,134.77573057140805,635.5321825576898
Llama2-13B,20,3840,1,20,prefill,10.096223510758929,405.1413087885418,333.1481650425978,216.56135576107025
Llama2-13B,20,3840,2,10,prefill,10.2436540321875,797.0624796551423,193.078579976556,242.10496104444545
Llama2-13B,20,3840,4,5,prefill,11.442598314017856,1415.8894545869157,164.89245087122455,340.8351898657112
Llama2-13B,20,3840,5,4,prefill,12.266904502321427,1640.6156363632392,168.27387820032402,389.6273076553935
Llama2-13B,20,3840,10,2,prefill,14.984176663526783,2658.234076078072,145.75059435775609,501.7523393206345
Llama2-13B,20,3840,20,1,prefill,20.89233494901785,3765.2743597309336,141.4332226744351,628.345639658091
Llama2-13B,20,3840,40,1,prefill,37.79404719508929,4176.780067703788,135.24122197400547,632.9603091277055
Llama2-13B,20,3968,1,20,prefill,10.57636749445089,400.67180527001,333.4560433866125,214.1087519769536
Llama2-13B,20,3968,2,10,prefill,10.72871236659375,788.3756762049212,193.38139047689168,239.54921574294585
Llama2-13B,20,3968,4,5,prefill,11.975335591151786,1401.2179915867123,165.23168133185666,337.71298184034634
Llama2-13B,20,3968,5,4,prefill,12.82557582573214,1624.6465892753968,168.60481110016104,386.4128905074516
Llama2-13B,20,3968,10,2,prefill,15.645766338977678,2634.895362037932,146.14283990027465,498.6156918313436
Llama2-13B,20,3968,20,1,prefill,21.775548460651784,3737.314102379677,141.93857695541973,625.9540489828607
Llama2-13B,20,3968,40,1,prefill,39.42078816025894,4143.574169560605,135.71858790431898,630.4169340890363
Llama2-13B,20,4096,1,20,prefill,11.065036278142856,396.3363147749992,333.7599071923298,211.736691233416
Llama2-13B,20,4096,2,10,prefill,11.222295501,779.9469455571059,193.68018643893,237.075287019836
Llama2-13B,20,4096,4,5,prefill,12.516597668285714,1386.9904706768953,165.56446263655783,334.68962151859955
Llama2-13B,20,4096,5,4,prefill,13.392771949142857,1609.1375552453806,168.9297817675938,383.2935278049884
Llama2-13B,20,4096,10,2,prefill,16.31588081442857,2612.2461757238484,146.5252278221754,495.569414166347
Llama2-13B,20,4096,20,1,prefill,22.66728677228572,3710.23545450098,142.44091881132655,623.6767589706474
Llama2-13B,20,4096,40,1,prefill,41.064279205428576,4111.441216820385,136.17841972503226,627.9398246515727
Llama2-70B,32,128,1,32,prefill,0.6929258515000002,184.7239495003889,1772.5390334801666,586.0098101932605
Llama2-70B,32,128,2,16,prefill,0.725602239875,352.8103772724038,1091.338038088195,656.2702431165258
Llama2-70B,32,128,4,8,prefill,0.8235796090624999,621.676392137515,834.9598677487925,798.2178979080836
Llama2-70B,32,128,8,4,prefill,1.0497923555625,975.4309931618048,731.0200577078277,966.4527894920352
Llama2-70B,32,128,16,2,prefill,1.50510350434375,1360.703761627983,679.3110902759037,1108.4685422741
Llama2-70B,32,128,32,1,prefill,2.439100828265625,1679.3073711973395,659.4983912457378,1207.366677872115
Llama2-70B,32,128,80,1,prefill,7.013758462593749,1459.987545138981,648.719185007783,972.6508111547662
Llama2-70B,32,256,1,32,prefill,1.4163157030000002,180.8343245727576,1773.9935537199,571.0825770947183
Llama2-70B,32,256,2,16,prefill,1.48166847975,345.70252430504775,1092.7666109682914,641.3457836626369
Llama2-70B,32,256,4,8,prefill,1.6776232181249997,610.5886974290055,836.3754669490709,784.1479984100497
Llama2-70B,32,256,8,4,prefill,2.130048711125,961.677068168599,732.429170068197,955.2422193982418
Llama2-70B,32,256,16,2,prefill,3.0406710086875,1347.20631547958,680.7169592163184,1101.4099078816466
Llama2-70B,32,256,32,1,prefill,4.908665656531251,1668.9495909174666,660.9026384761752,1204.179639214282
Llama2-70B,32,256,80,1,prefill,14.1417646051875,1448.2872052035043,650.0588414127344,968.5020731898152
Llama2-70B,32,384,1,32,prefill,2.1706713145000003,177.11663167698816,1775.4484420986637,556.9426513164316
Llama2-70B,32,384,2,16,prefill,2.268700479625,338.8925728807129,1094.1955519874189,627.1188233104571
Llama2-70B,32,384,4,8,prefill,2.5626325871875,599.9007812478102,837.79143428838,770.5592053870337
Llama2-70B,32,384,8,4,prefill,3.2412708266875,948.2873580008112,733.838650567597,944.2356929630402
Llama2-70B,32,384,16,2,prefill,4.6072042730312495,1333.9193315058944,682.1231962957636,1094.3682042022529
Llama2-70B,32,384,32,1,prefill,7.409196244796877,1658.6505097644392,661.9019021056607,1200.2176591738837
Llama2-70B,32,384,80,1,prefill,21.384090107781244,1436.8283001305226,651.5212599500072,964.598429023918
Llama2-70B,32,512,1,32,prefill,2.9559926860000005,173.5851232695308,1776.9034225121852,543.6664530283056
Llama2-70B,32,512,2,16,prefill,3.0866982395,332.4092527253069,1095.6245850413038,613.6866934374787
Llama2-70B,32,512,4,8,prefill,3.4786077162499995,589.6673714262649,839.2074936624466,757.5783582327466
Llama2-70B,32,512,8,4,prefill,4.38345870225,935.3467717534292,735.2482231017547,933.5652121326636
Llama2-70B,32,512,16,2,prefill,6.204703297375,1320.9404768446211,683.5295254099666,1087.4476715841795
Llama2-70B,32,512,32,1,prefill,9.9406925930625,1648.4917247648011,663.4079474448821,1197.1849535837891
Llama2-70B,32,512,80,1,prefill,28.740734970374994,1425.6059447377925,652.9683404506279,960.7361334001864
Llama2-70B,32,640,1,32,prefill,3.7721262175,170.2355146228421,1778.3583653057794,531.2263597759338
Llama2-70B,32,640,2,16,prefill,3.935508159375,326.2471496303459,1097.0535804752617,601.038059286335
Llama2-70B,32,640,4,8,prefill,4.4253950053125,579.8891302994498,840.6235154165863,745.223827193652
Llama2-70B,32,640,8,4,prefill,5.5564587378125,922.8724675229168,736.6577580159852,923.271104050238
Llama2-70B,32,640,16,2,prefill,7.833014481718748,1308.3013507011824,684.9358169042425,1080.6885666270366
Llama2-70B,32,640,32,1,prefill,12.536875021328123,1634.3336096050398,665.8615430412916,1192.447810830135
Llama2-70B,32,640,80,1,prefill,36.17801983296874,1415.8540656711198,654.0591836189534,957.3135559669548
Llama2-70B,32,768,1,32,prefill,4.618723749000001,167.06183688076177,1779.8131672480868,519.5859364488441
Llama2-70B,32,768,2,16,prefill,4.8147820792500005,320.39751062594496,1098.482435057933,589.1504807422799
Llama2-70B,32,768,4,8,prefill,5.402646294375001,570.5606868870187,842.0393963194389,733.5005224697892
Llama2-70B,32,768,8,4,prefill,6.759922773374999,910.873241190386,738.0671520789286,913.3818350439514
Llama2-70B,32,768,16,2,prefill,9.4917896660625,1296.0254442231478,686.3419675472314,1074.1237270571023
Llama2-70B,32,768,32,1,prefill,15.16352144959375,1621.8451543549295,667.9653558490437,1188.3322817947508
Llama2-70B,32,768,80,1,prefill,43.72950117556249,1405.8826101766278,655.294685018236,953.856066551818
Llama2-70B,32,896,1,32,prefill,5.496287040500001,164.03277811618577,1781.2680464778148,508.5791561230972
Llama2-70B,32,896,2,16,prefill,5.725021759125,314.80423851580593,1099.911366928024,577.8607013678863
Llama2-70B,32,896,4,8,prefill,6.410863343437501,561.5987543769625,843.455354509712,722.2601780108665
Llama2-70B,32,896,8,4,prefill,7.994352568937501,899.2531776173736,739.4766234292925,903.7800728356584
Llama2-70B,32,896,16,2,prefill,11.181530610406249,1284.0246817486816,687.7481954776407,1067.6715431378336
Llama2-70B,32,896,32,1,prefill,17.821133637859376,1610.329153496332,669.6957457963334,1184.2559761626885
Llama2-70B,32,896,80,1,prefill,51.39523019815624,1395.8730295836172,656.5594388589088,950.326980735372
Llama2-70B,32,1024,1,32,prefill,6.404816092000001,161.1395651415856,1782.7229740121804,498.160058134594
Llama2-70B,32,1024,2,16,prefill,6.666227199000001,309.45266221805645,1101.3403471027532,567.1305004438179
Llama2-70B,32,1024,4,8,prefill,7.450046152499999,552.985764136577,844.8713610046229,711.4817413953858
Llama2-70B,32,1024,8,4,prefill,9.259748124500002,888.0006710610498,740.8861430842942,894.4631840567824
Llama2-70B,32,1024,16,2,prefill,12.90223731475,1272.2976775169104,689.1544717126881,1061.3378899351592
Llama2-70B,32,1024,32,1,prefill,20.509711586125004,1599.473254205309,671.4967297772589,1180.7359170293205
Llama2-70B,32,1024,80,1,prefill,59.17527858074999,1385.912299334412,657.8893975410219,946.8387344469688
Llama2-70B,32,1152,1,32,prefill,7.397185143500001,157.5667548302464,1785.1947900896553,484.5822830879272
Llama2-70B,32,1152,2,16,prefill,7.691272638875001,302.8184804124988,1103.7862158205917,553.0438958394693
Llama2-70B,32,1152,4,8,prefill,8.5730689615625,542.1998324002248,847.304256042643,697.0606441782616
Llama2-70B,32,1152,8,4,prefill,10.6089836800625,873.6615161520946,743.3125512824051,881.6946556950084
Llama2-70B,32,1152,16,2,prefill,14.740657939093747,1254.7090118982824,692.126593741463,1050.8478643544322
Llama2-70B,32,1152,32,1,prefill,23.31600345439063,1583.9292629324514,674.7754863394998,1175.5217754860705
Llama2-70B,32,1152,80,1,prefill,67.12334488334375,1375.0735645448913,659.5735291667636,943.092687683194
Llama2-70B,32,1280,1,32,prefill,8.420018195,154.32434057609836,1787.4631469995816,472.5104194237986
Llama2-70B,32,1280,2,16,prefill,8.74678207875,296.79032355854105,1106.0286253708814,540.4825309296389
Llama2-70B,32,1280,4,8,prefill,9.726555770625,532.367006081063,849.5336919131147,684.1176324600372
Llama2-70B,32,1280,8,4,prefill,11.988683235625002,860.5144215679296,745.5355003129678,870.1276538364485
Llama2-70B,32,1280,16,2,prefill,16.6095425634375,1238.822189539385,694.7854651525658,1041.4813905121305
Llama2-70B,32,1280,32,1,prefill,26.152759322656244,1569.9266257656468,677.6793410353799,1170.8484950402965
Llama2-70B,32,1280,80,1,prefill,75.1520511859375,1365.108549459794,661.0317058557783,939.6012506815226
Llama2-70B,32,1408,1,32,prefill,9.4738170065,151.33715603723724,1789.5836340073904,461.5811085855803
Llama2-70B,32,1408,2,16,prefill,9.833257278625,291.2297794399523,1108.123165019054,529.0756817671413
Llama2-70B,32,1408,4,8,prefill,10.9110083396875,523.2670240507246,851.6152578814687,672.2863598914507
Llama2-70B,32,1408,8,4,prefill,13.3993485511875,848.2766210484773,747.6105794414126,859.4522063008532
Llama2-70B,32,1408,16,2,prefill,18.509392947781247,1224.200137984543,697.2166183341883,1032.928837774596
Llama2-70B,32,1408,32,1,prefill,29.02048095092188,1557.052530383211,680.2001008403971,1166.380654680018
Llama2-70B,32,1408,80,1,prefill,83.29495396853125,1355.3293005367473,662.5023864356946,936.178394894693
Llama2-70B,32,1536,1,32,prefill,10.558581578000002,148.55888920013345,1791.593218588611,451.5710117004432
Llama2-70B,32,1536,2,16,prefill,10.9506982385,286.0518709586747,1110.1068022406378,518.5979924410519
Llama2-70B,32,1536,4,8,prefill,12.12642666875,514.7659501776055,853.5859214232345,661.3492235434107
Llama2-70B,32,1536,8,4,prefill,14.84097962675,836.7791153788991,749.5747561432694,849.4911155394099
Llama2-70B,32,1536,16,2,prefill,20.440209092125,1210.5744063971842,699.4769828437005,1025.0093506970406
Llama2-70B,32,1536,32,1,prefill,31.9191683391875,1545.0526008525023,682.6361950248836,1162.396405014069
Llama2-70B,32,1536,80,1,prefill,91.552104431125,1345.7299643290692,663.9505793716869,932.7761555081483
Llama2-70B,32,1664,1,32,prefill,11.6741583095,145.95734832591913,1793.5174649825217,442.3256863855696
Llama2-70B,32,1664,2,16,prefill,12.098951358375002,281.197677694933,1112.0051012749116,508.8945046449885
Llama2-70B,32,1664,4,8,prefill,13.372657157812505,506.7715639693706,855.47124677769,651.1585933867385
Llama2-70B,32,1664,8,4,prefill,16.3134228623125,825.9070886855274,751.4535946578156,840.1270234732614
Llama2-70B,32,1664,16,2,prefill,22.40183739646875,1197.7633453249805,701.6059428231931,1017.6036701544042
Llama2-70B,32,1664,32,1,prefill,34.88254180745312,1532.5261316467174,685.2936471782479,1158.1399874678273
Llama2-70B,32,1664,80,1,prefill,99.92357425371874,1336.304748892885,665.4110046920202,929.4388689880352
Llama2-70B,32,1792,1,32,prefill,12.820199041,143.5096002308733,1795.3746076401208,433.7356980887119
Llama2-70B,32,1792,2,16,prefill,13.277668478250002,276.6253631059941,1113.8362965728743,499.8562892570173
Llama2-70B,32,1792,4,8,prefill,14.649351646875004,499.2189984468006,857.2894683958345,641.6127049333801
Llama2-70B,32,1792,8,4,prefill,17.816330097875003,815.5813045582757,753.2653294360509,831.282084236951
Llama2-70B,32,1792,16,2,prefill,24.3939297008125,1185.6420215034389,703.6316040828176,1010.63325783401
Llama2-70B,32,1792,32,1,prefill,37.87637927571875,1520.7845324632356,687.7720700569081,1154.1646265352742
Llama2-70B,32,1792,80,1,prefill,108.4093634363125,1327.048935108694,666.8673324614443,926.1443078990112
Llama2-70B,32,1920,1,32,prefill,13.9972055325,141.1923243642427,1797.1781409364771,425.6917146434072
Llama2-70B,32,1920,2,16,prefill,14.487351358125,272.29205299105166,1115.6138825095943,491.37126644817874
Llama2-70B,32,1920,4,8,prefill,15.9570118959375,492.0403325842865,859.0540806527364,632.6000531606114
Llama2-70B,32,1920,8,4,prefill,19.3502030934375,805.7152926435875,755.0234548530437,822.8606600522238
Llama2-70B,32,1920,16,2,prefill,26.41698776515625,1174.087808627824,705.5746999943534,1004.0077828790309
Llama2-70B,32,1920,32,1,prefill,40.90118250398437,1509.674741726418,690.026280924565,1150.2823446931277
Llama2-70B,32,1920,80,1,prefill,116.97579261890624,1318.2699312367172,668.2031609734928,922.988879916022
Llama2-70B,32,2048,1,32,prefill,15.205177784,138.9904727745255,1798.938116626824,418.12352394609394
Llama2-70B,32,2048,2,16,prefill,15.727999998,268.17027937993265,1117.3479108403048,483.3690241132326
Llama2-70B,32,2048,4,8,prefill,17.295637905,485.1929203070609,860.7751353036283,624.0539114258358
Llama2-70B,32,2048,8,4,prefill,20.915041849,796.2568694100328,756.7380226640269,814.8102926875661
Llama2-70B,32,2048,16,2,prefill,28.4710115895,1163.0240271832108,707.4507115605672,997.676985987679
Llama2-70B,32,2048,32,1,prefill,43.95695149225,1499.096036740012,692.2503111939939,1146.7112836498982
Llama2-70B,32,2048,80,1,prefill,125.6564182815,1309.605465087514,669.5631011330318,919.8780206022668
Llama2-70B,32,2176,1,32,prefill,16.496698195500002,136.6444447391283,1801.1896033209807,409.965033693217
Llama2-70B,32,2176,2,16,prefill,17.052196797875,263.7676005020496,1119.573450174825,474.70049888697
Llama2-70B,32,2176,4,8,prefill,18.717812074062497,477.8293463988243,862.9877009583303,614.6759968220214
Llama2-70B,32,2176,8,4,prefill,22.597302684562504,785.2243861559053,759.2347259056178,804.9999476956584
Llama2-70B,32,2176,16,2,prefill,30.642457493843747,1150.0902824231416,710.0894835956026,989.9851721864547
Llama2-70B,32,2176,32,1,prefill,47.13014256051562,1486.8441623179388,695.1959677659861,1142.519197183232
Llama2-70B,32,2176,80,1,prefill,134.50499018409374,1300.643313529599,671.0954740918098,916.6673955883788
Llama2-70B,32,2304,1,32,prefill,17.818682607000003,134.43220542991392,1803.3525381868683,402.3511305870991
Llama2-70B,32,2304,2,16,prefill,18.40685759775,259.6125780505676,1121.710437681076,466.5960417013643
Llama2-70B,32,2304,4,8,prefill,20.170450243125,470.8645032161215,865.111714784763,605.8721993704036
Llama2-70B,32,2304,8,4,prefill,24.310027520125004,774.8162373979852,761.6105857159617,795.8031007750427
Llama2-70B,32,2304,16,2,prefill,32.844367398187494,1137.868690845317,712.5912663979022,982.751443629842
Llama2-70B,32,2304,32,1,prefill,50.33379762878125,1475.2716888963316,697.9703566333612,1138.567304703957
Llama2-70B,32,2304,80,1,prefill,143.46788144668747,1291.8569337960523,672.6275649064996,913.518359601832
Llama2-70B,32,2432,1,32,prefill,19.171632778500005,132.33619812573122,1805.4409612193235,395.2045086219354
Llama2-70B,32,2432,2,16,prefill,19.792484157625,255.67265101196512,1123.7729133538944,458.97497371116793
Llama2-70B,32,2432,4,8,prefill,21.654054172187497,464.2456127181562,867.1612167777631,597.5588579161315
Llama2-70B,32,2432,8,4,prefill,26.053718115687506,764.9448643558004,763.8847407640501,787.1250037269369
Llama2-70B,32,2432,16,2,prefill,35.077243062531245,1126.2547010361145,714.9777479735346,975.9000225073626
Llama2-70B,32,2432,32,1,prefill,53.56841845704688,1464.273173180819,700.5365817037634,1134.7198263511505
Llama2-70B,32,2432,80,1,prefill,152.54509206928122,1283.2381402497003,674.149092736903,910.4144171803432
Llama2-70B,32,2560,1,32,prefill,20.555548710000004,130.34394658626914,1807.4660491933605,388.4704458486257
Llama2-70B,32,2560,2,16,prefill,21.2090764775,251.9247867769324,1125.7720539682955,451.7810976827569
Llama2-70B,32,2560,4,8,prefill,23.16862386125,457.9358227268658,869.1473837123458,589.6796476997433
Llama2-70B,32,2560,8,4,prefill,27.828374471250005,755.5482771196704,766.0724467642211,778.9019560958675
Llama2-70B,32,2560,16,2,prefill,37.341084486875,1115.1748161737537,717.2662235065,969.382145728751
Llama2-70B,32,2560,32,1,prefill,56.8340050453125,1453.774127797052,703.0474608753088,1131.137771032196
Llama2-70B,32,2560,80,1,prefill,161.702942691875,1274.9845485286685,675.5735130953992,907.4167601852372
Llama2-70B,32,2688,1,32,prefill,21.970276801500003,128.4455086585503,1809.4368322521284,382.105609573696
Llama2-70B,32,2688,2,16,prefill,22.656480957375,248.3506693536084,1127.7168896674264,444.9701926385227
Llama2-70B,32,2688,4,8,prefill,24.71400571031249,451.90600745757496,871.0792457316586,582.1908959011204
Llama2-70B,32,2688,8,4,prefill,29.633842986812507,746.5776831028884,768.1860358581225,771.0850520815583
Llama2-70B,32,2688,16,2,prefill,39.63573807121875,1104.5717033223536,719.4706761376957,963.1613204025056
Llama2-70B,32,2688,32,1,prefill,60.16427771357812,1443.114851259674,705.6882487907253,1127.4536153480826
Llama2-70B,32,2688,80,1,prefill,170.97498979446874,1266.8612240606624,677.0080697930623,904.4662741734918
Llama2-70B,32,2816,1,32,prefill,23.415468893000003,126.63296466774932,1811.360682327348,376.07571377663095
Llama2-70B,32,2816,2,16,prefill,24.13434943725,244.9357503270905,1129.6147923830088,438.507585927959
Llama2-70B,32,2816,4,8,prefill,26.289851559375,446.1332287496284,872.9641747674228,575.0590990978612
Llama2-70B,32,2816,8,4,prefill,31.46977550237501,737.9948204960771,770.235581612612,763.6373270098808
Llama2-70B,32,2816,16,2,prefill,41.9608556555625,1094.4009744786224,721.6025302515477,957.211128564248
Llama2-70B,32,2816,32,1,prefill,63.52501438184374,1432.9178310069665,708.2166239165982,1123.9344463346924
Llama2-70B,32,2816,80,1,prefill,180.3612845770625,1258.865364449705,678.4332895987194,901.5394382102754
Llama2-70B,32,2944,1,32,prefill,24.891626744500005,124.89725289077434,1813.2437691306584,370.3418866053085
Llama2-70B,32,2944,2,16,prefill,25.643183677125,241.66321386031944,1131.4719318266837,432.35245149295815
Llama2-70B,32,2944,4,8,prefill,27.896663168437502,440.5901950367487,874.8083405312792,568.2414393691693
Llama2-70B,32,2944,8,4,prefill,33.33667377793751,729.756061881486,772.2294855248776,756.5113296416145
Llama2-70B,32,2944,16,2,prefill,44.316938999906256,1084.6113320846923,723.6713032380179,951.4932228591632
Llama2-70B,32,2944,32,1,prefill,66.91671681010936,1423.1237128857615,710.5944301442329,1120.4811306303611
Llama2-70B,32,2944,80,1,prefill,189.86189871965624,1250.9940468270524,679.8677604877962,898.6579416493388
Llama2-70B,32,3072,1,32,prefill,26.398750356000004,123.23195045684352,1815.09118807105,364.8767819086809
Llama2-70B,32,3072,2,16,prefill,27.182983677000003,238.52121985998016,1133.2934034074387,426.4767256568205
Llama2-70B,32,3072,4,8,prefill,29.5344405375,435.2580536841567,876.6168384322162,561.709920540298
Llama2-70B,32,3072,8,4,prefill,35.2345378135,721.83097307519,774.1747028251972,749.676533232028
Llama2-70B,32,3072,16,2,prefill,46.70398810425,1075.1676548852763,725.684880238029,945.9847847116245
Llama2-70B,32,3072,32,1,prefill,70.339384998375,1413.690523418779,712.9418163597173,1117.2265089109144
Llama2-70B,32,3072,80,1,prefill,199.47683222225007,1243.24471011427,681.3020040081141,895.8104155997939
Llama2-70B,32,3200,1,32,prefill,27.989422127500003,121.52143830324084,1817.265839034029,359.23848268170855
Llama2-70B,32,3200,2,16,prefill,28.806331836875003,235.28832166614004,1135.4421070107812,420.39589451936985
Llama2-70B,32,3200,4,8,prefill,31.2557660665625,429.7455391590095,878.7525683557403,554.8914090638266
Llama2-70B,32,3200,8,4,prefill,37.2159500090625,713.6298588578506,776.4356956489606,742.52688611928
Llama2-70B,32,3200,16,2,prefill,49.208459288593744,1064.8704486082945,728.2061291221347,939.8458827611944
Llama2-70B,32,3200,32,1,prefill,73.87947526664063,1403.4242082071132,715.7700399852605,1113.6616524049575
Llama2-70B,32,3200,80,1,prefill,209.22610428484376,1235.5283148502565,682.784733434649,892.9784463962255
Llama2-70B,32,3328,1,32,prefill,29.610557899000003,119.8843441164035,1819.385095325989,353.877549607398
Llama2-70B,32,3328,2,16,prefill,30.46014399675001,232.19238157837745,1137.535415943105,414.6071007344261
Llama2-70B,32,3328,4,8,prefill,33.007555595625,424.4581166588315,880.8329036082456,548.3817595714555
Llama2-70B,32,3328,8,4,prefill,39.227826204625,705.758619709444,778.6311592063091,735.6889560608395
Llama2-70B,32,3328,16,2,prefill,51.743394472937496,1054.9873622482276,730.6415795490334,933.9692504014218
Llama2-70B,32,3328,32,1,prefill,77.45002953490625,1393.5679244520677,718.4887269650263,1110.241908546279
Llama2-70B,32,3328,80,1,prefill,219.0895728274376,1227.9377775731414,684.2713284551058,890.1912485637215
Llama2-70B,32,3456,1,32,prefill,31.26265943050001,118.31370464809817,1821.4551528147133,348.7653717393819
Llama2-70B,32,3456,2,16,prefill,32.144921916625,229.2203974449814,1139.5795260721925,409.0799293991571
Llama2-70B,32,3456,4,8,prefill,34.79031088468751,419.3743306546751,882.8640400575152,542.1481360341317
Llama2-70B,32,3456,8,4,prefill,41.27066816018751,698.1846881577746,780.7684154311811,729.127785602241
Llama2-70B,32,3456,16,2,prefill,54.30929541728124,1045.4752449703346,733.0008055849738,928.3229762898942
Llama2-70B,32,3456,32,1,prefill,81.05154956317187,1384.076430084884,721.0650543756342,1106.8886226021964
Llama2-70B,32,3456,80,1,prefill,229.0672890500313,1220.4692285891742,685.7463031524048,887.4299134072584
Llama2-70B,32,3584,1,32,prefill,32.945726722,116.80434460755464,1823.4812828005488,343.8808357747392
Llama2-70B,32,3584,2,16,prefill,33.860665596500006,226.36275597388587,1141.5797086983916,403.79238631521423
Llama2-70B,32,3584,4,8,prefill,36.60403193375,414.4785539570284,884.8512490038959,536.1677713230953
Llama2-70B,32,3584,8,4,prefill,43.34447587575,690.8844385112617,782.8537008234846,722.8199768187936
Llama2-70B,32,3584,16,2,prefill,56.906162121625,1036.3026545013852,735.2919741289871,922.8865044387004
Llama2-70B,32,3584,32,1,prefill,84.6840353514375,1374.9166463163624,723.6011274056154,1103.7087654927034
Llama2-70B,32,3584,80,1,prefill,239.15932463262507,1213.11895270159,687.2254751922366,884.7110122096973
Llama2-70B,32,3712,1,32,prefill,34.6596061735,115.3519315473794,1825.468016674513,339.2063889704105
Llama2-70B,32,3712,2,16,prefill,35.607221436375,223.6114259642588,1143.5404952127192,398.72632584831103
Llama2-70B,32,3712,4,8,prefill,38.448565142812505,409.7578108186061,886.7990618384054,530.4222022924481
Llama2-70B,32,3712,8,4,prefill,45.449095751312505,683.8383775066432,784.8923788428252,716.746934474605
Llama2-70B,32,3712,16,2,prefill,59.53384098596874,1027.4437729016825,737.5221127778536,917.6438992648996
Llama2-70B,32,3712,32,1,prefill,88.38120721970313,1365.7082737329329,726.2295347771284,1100.4831858372806
Llama2-70B,32,3712,80,1,prefill,249.3656795752188,1205.8836950643386,688.7013762268364,882.025197297956
Llama2-70B,32,3840,1,32,prefill,36.403949625,113.95286864399704,1827.4192696395287,334.7275759630695
Llama2-70B,32,3840,2,16,prefill,37.38424127625,220.95975907063587,1145.4658008180984,393.8669704398826
Llama2-70B,32,3840,4,8,prefill,40.323562351875005,405.20145289555273,888.7113937639662,524.8967780509722
Llama2-70B,32,3840,8,4,prefill,47.584179626875006,677.0306466208112,786.8890858182344,710.8943734001897
Llama2-70B,32,3840,16,2,prefill,62.19198385031248,1018.8777380380689,739.6973001128233,912.5834443662202
Llama2-70B,32,3840,32,1,prefill,92.10884308796876,1356.8119903877384,728.7763314725695,1097.3688298511545
Llama2-70B,32,3840,80,1,prefill,259.6526745178126,1198.868625763847,690.1153204778334,879.4037686655023
Llama2-70B,32,3968,1,32,prefill,38.1792588365,112.60277984748458,1829.3385109583032,330.4267667040589
Llama2-70B,32,3968,2,16,prefill,39.192226876125,218.39957484590497,1147.3590947772364,389.1954630273633
Llama2-70B,32,3968,4,8,prefill,42.22952532093751,400.7959419187478,890.591714043286,519.570905599124
Llama2-70B,32,3968,8,4,prefill,49.75022926243751,670.440948860801,788.8479190899989,705.240353679143
Llama2-70B,32,3968,16,2,prefill,64.88109247465623,1010.578154731293,741.8228896293408,907.6850719889794
Llama2-70B,32,3968,32,1,prefill,95.86744471623436,1348.1976356820444,731.2102272712812,1094.3024610432024
Llama2-70B,32,3968,80,1,prefill,270.05386594040635,1191.9535926789044,691.5370590191224,876.8191092404801
Llama2-70B,32,4096,1,32,prefill,39.98553380800001,111.29844523361437,1831.228741722672,326.2911381217756
Llama2-70B,32,4096,2,16,prefill,41.03117823600001,215.9248935150034,1149.2233781819682,384.6984359997937
Llama2-70B,32,4096,4,8,prefill,44.16645405,396.53156885437943,892.4430237681995,514.43075090193
Llama2-70B,32,4096,8,4,prefill,51.947244657999995,664.0548834830627,790.7724293178353,699.7708990798185
Llama2-70B,32,4096,16,2,prefill,67.60116685899999,1002.5263557150612,743.9035311228861,902.9367790099791
Llama2-70B,32,4096,32,1,prefill,99.6570121045,1339.8434021267963,733.6178024626881,1091.3756323430184
Llama2-70B,32,4096,80,1,prefill,280.56930504300004,1185.1364872703944,692.9529355925071,874.2560501858256
Llama2-7B,8,128,1,8,prefill,0.1255169483958333,1019.7826001659638,94.92926743834911,156.31054126766662
Llama2-7B,8,128,2,4,prefill,0.1500822322083333,1705.7315595135824,80.20885451277351,200.88372699051664
Llama2-7B,8,128,4,2,prefill,0.1958584932916666,2614.132230852735,70.41190616209398,244.8258211477537
Llama2-7B,8,128,8,1,prefill,0.2918715594583333,3508.392533689748,66.78220071938014,282.7837090082154
Llama2-7B,8,128,32,1,prefill,0.9607250488263888,4263.446659378382,61.51530242170184,289.0858579212229
Llama2-7B,8,256,1,8,prefill,0.2563423127916666,999.0930714333572,95.0490506764676,153.12630745933473
Llama2-7B,8,256,2,4,prefill,0.3054728804166666,1676.5961745768805,80.3273403829102,197.83956487868835
Llama2-7B,8,256,4,2,prefill,0.3970254025833333,2579.641216875246,70.52974334823975,242.3790515128296
Llama2-7B,8,256,8,1,prefill,0.5890515349166666,3477.057974503188,66.89971356353044,281.2535030442456
Llama2-7B,8,256,32,1,prefill,1.9498927216527773,4202.150878284836,61.774414354920765,286.83699801883495
Llama2-7B,8,384,1,8,prefill,0.3924986211875,979.4273787578784,95.1688516935368,150.10498481746288
Llama2-7B,8,384,2,4,prefill,0.4661944726249999,1648.6696081390558,80.44584403199757,194.9127352965214
Llama2-7B,8,384,4,2,prefill,0.6035232558749999,2546.242365155761,70.64759831333619,239.99503883684133
Llama2-7B,8,384,8,1,prefill,0.8915624543749999,3446.372575414396,66.92148557676914,279.34974734659994
Llama2-7B,8,384,32,1,prefill,2.967503018479167,4143.139420060098,62.0335262881397,284.65779255639177
Llama2-7B,8,512,1,8,prefill,0.5339428655833333,960.8080889203944,95.28863357490064,147.2587329347371
Llama2-7B,8,512,2,4,prefill,0.6322040008333333,1622.0222463738078,80.56432854537957,192.1224443670569
Llama2-7B,8,512,4,2,prefill,0.8153090451666666,2514.066045484409,70.76543414272729,237.6949674453392
Llama2-7B,8,512,8,1,prefill,1.1993613098333331,3416.4914261320523,67.06293671663036,277.9761691254555
Llama2-7B,8,512,32,1,prefill,4.013555939305555,4086.272533354968,62.29263822135864,282.54468353539767
Llama2-7B,8,640,1,8,prefill,0.6806934779791666,943.0920804735264,95.40842113721996,144.5583453999315
Llama2-7B,8,640,2,4,prefill,0.8035198970416666,1596.4808981491487,80.68281873971704,189.44480154048784
Llama2-7B,8,640,4,2,prefill,1.0324012024583331,2482.941916626497,70.88327565307385,235.4616589860246
Llama2-7B,8,640,8,1,prefill,1.5198721012916667,3372.173186064665,67.4266711829334,275.9669517991084
Llama2-7B,8,640,32,1,prefill,5.088051484131944,4031.42230462108,62.551750154577576,280.4943657013493
Llama2-7B,8,768,1,8,prefill,0.832752506375,926.2064608919582,95.52820725813898,141.9912751655809
Llama2-7B,8,768,2,4,prefill,0.98014420925,1571.9680963114126,80.80130749265425,186.8719190397616
Llama2-7B,8,768,4,2,prefill,1.2548017757499998,2452.8103203566498,71.00111572202015,233.2914997654437
Llama2-7B,8,768,8,1,prefill,1.84569130875,3333.952196639936,67.70833177518553,274.1909185705411
Llama2-7B,8,768,32,1,prefill,6.190989652958333,3978.471386136759,62.81086208779652,278.50376367409046
Llama2-7B,8,896,1,8,prefill,0.9901424787708334,910.072188039045,95.648000174951,139.54299051961826
Llama2-7B,8,896,2,4,prefill,1.1620994654583332,1548.3925533522704,80.91980304148446,184.39290657520792
Llama2-7B,8,896,4,2,prefill,1.4825332930416666,2423.5890586349115,71.11896258685944,231.17760345868288
Llama2-7B,8,896,8,1,prefill,2.176841460208333,3299.4237187103063,67.90229813411777,272.4001627921156
Llama2-7B,8,896,32,1,prefill,7.322370445784721,3927.311888486568,63.06997402101545,276.5700115780704
Llama2-7B,8,1024,1,8,prefill,1.152820387166667,894.6670231359624,95.76778554897469,137.21237867341537
Llama2-7B,8,1024,2,4,prefill,1.3493426576666665,1525.74422360449,81.03829104752627,182.01077642284275
Llama2-7B,8,1024,4,2,prefill,1.715552746333333,2395.2956067890937,71.23680190891037,229.1258153331018
Llama2-7B,8,1024,8,1,prefill,2.513279547666666,3267.4520837924047,68.11284817547548,270.8840751191075
Llama2-7B,8,1024,32,1,prefill,8.482193862611112,3877.844412792799,63.32908595423438,274.69043485382633
Llama2-7B,8,1152,1,8,prefill,1.3239258155625,878.3792196970995,95.95535982369456,134.6934418432165
Llama2-7B,8,1152,2,4,prefill,1.545013369875,1501.5860298034538,81.22456795426432,179.4261781537422
Llama2-7B,8,1152,4,2,prefill,1.964405287625,2357.756464372626,71.55123763525337,226.3420628122783
Llama2-7B,8,1152,8,1,prefill,2.865550723125,3227.385353903908,68.49932016305812,269.0874635029483
Llama2-7B,8,1152,32,1,prefill,9.6813163514375,3826.509610448959,63.64375923085814,272.7827794353145
Llama2-7B,8,1280,1,8,prefill,1.5003396599583334,863.0979615415948,96.12937589109414,132.34831203901777
Llama2-7B,8,1280,2,4,prefill,1.7459924980833332,1478.8038376385798,81.39728665368209,176.9962161065306
Llama2-7B,8,1280,4,2,prefill,2.2185662449166665,2323.427966016587,71.82635365355694,223.8008812093261
Llama2-7B,8,1280,8,1,prefill,3.2231303145833325,3191.0166294481323,68.83200032195428,267.4262220569095
Llama2-7B,8,1280,32,1,prefill,10.90888146426389,3777.52730430492,63.94732023880092,270.9450294259935
Llama2-7B,8,1408,1,8,prefill,1.6820844483541668,848.6603554096837,96.29353629288372,130.14582947552472
Llama2-7B,8,1408,2,4,prefill,1.9523025702916663,1457.1717353111128,81.56014968748985,174.69296298355064
Llama2-7B,8,1408,4,2,prefill,2.4780581462083333,2291.5787532899435,72.07287836936382,221.4444122688732
Llama2-7B,8,1408,8,1,prefill,3.5860408500416665,3157.436213602626,69.09959877480253,265.77637473759034
Llama2-7B,8,1408,32,1,prefill,12.164889201090276,3730.581768333884,64.24279959679392,269.1691088667007
Llama2-7B,8,1536,1,8,prefill,1.86911717275,834.9696770991249,96.45029708531813,128.06884497865616
Llama2-7B,8,1536,2,4,prefill,2.1639005785,1436.5608620281498,81.71561311194243,172.502583689394
Llama2-7B,8,1536,4,2,prefill,2.7428379835,2261.754022170417,72.29795174815051,219.23915078688432
Llama2-7B,8,1536,8,1,prefill,3.9542393214999993,3126.075593738457,69.36598100028174,264.30769918355264
Llama2-7B,8,1536,32,1,prefill,13.449339561916666,3685.44267488401,64.53221771732457,267.4490588109687
Llama2-7B,8,1664,1,8,prefill,2.061456265145833,821.9328818045207,96.60137099949377,126.09986885108914
Llama2-7B,8,1664,2,4,prefill,2.380804954708333,1416.844148914788,81.86538965813625,170.40947357002264
Llama2-7B,8,1664,4,2,prefill,3.0129241887916667,2233.5953314053977,72.50652922739766,217.15663052363465
Llama2-7B,8,1664,8,1,prefill,4.335149728958333,3092.400255574666,69.6986366458358,262.7467036046186
Llama2-7B,8,1664,32,1,prefill,14.762232546743055,3641.933836451079,64.81697334749958,265.7802627273617
Llama2-7B,8,1792,1,8,prefill,2.2591037735416672,809.4817884280556,96.74797481708984,124.2265264292088
Llama2-7B,8,1792,2,4,prefill,2.6030177469166667,1397.9302016541983,82.01069610775048,168.40298488839977
Llama2-7B,8,1792,4,2,prefill,3.2883188100833336,2206.849259602904,72.70214380763034,215.177338128882
Llama2-7B,8,1792,8,1,prefill,4.721368552416667,3060.896429611634,70.00055760547505,261.2682711089586
Llama2-7B,8,1792,32,1,prefill,16.103568155569448,3599.915187563821,65.09806559239516,264.1590004991428
Llama2-7B,8,1920,1,8,prefill,2.4620822259375004,797.5569230940959,96.89100611321236,122.4379193265566
Llama2-7B,8,1920,2,4,prefill,2.830561483125,1379.7387506164025,82.15243003589117,166.4734447378013
Llama2-7B,8,1920,4,2,prefill,3.569044375375,2181.315661619927,72.88739162444156,213.2854271976104
Llama2-7B,8,1920,8,1,prefill,5.112918319875,3031.1865775092792,70.25885320724674,259.7960172395488
Llama2-7B,8,1920,32,1,prefill,17.473346388395836,3559.271846233892,65.37622712906717,262.58217801583737
Llama2-7B,8,2048,1,8,prefill,2.670348614333333,786.1219586579241,97.03112884052686,120.72824853513792
Llama2-7B,8,2048,2,4,prefill,3.0633931553333333,1362.224251864523,82.29125539522384,164.61672488935756
Llama2-7B,8,2048,4,2,prefill,3.8550578766666654,2156.8662629689507,73.0642105508621,211.4724040844123
Llama2-7B,8,2048,8,1,prefill,5.509756023333333,3003.012414839387,70.51739949487623,258.4490347570646
Llama2-7B,8,2048,32,1,prefill,18.871567245222224,3519.9071722707395,65.65200746530755,261.04715581452456
Llama2-7B,8,2176,1,8,prefill,2.886895066729166,774.649913574324,97.20111837919389,119.0031904056989
Llama2-7B,8,2176,2,4,prefill,3.311910459541666,1342.6880814738915,82.52813977369509,162.49880767925535
Llama2-7B,8,2176,4,2,prefill,4.1567570099583335,2129.818537202005,73.33454234923545,209.4625918542534
Llama2-7B,8,2176,8,1,prefill,5.922279358791667,2972.38132088547,70.85980551290508,257.02809503296254
Llama2-7B,8,2176,32,1,prefill,20.30897043804861,3480.4763507856064,65.95376788549383,259.5237288784724
Llama2-7B,8,2304,1,8,prefill,3.108749935125,763.6667938072807,97.36552944002216,117.35755698311712
Llama2-7B,8,2304,2,4,prefill,3.56573617975,1324.1257455123753,82.75186876235139,160.49254563505687
Llama2-7B,8,2304,4,2,prefill,4.46376455925,2104.145920307137,73.58793030180576,207.5538887609521
Llama2-7B,8,2304,8,1,prefill,6.34011111025,2943.4016481733884,71.17722340050298,255.66933224561657
Llama2-7B,8,2304,32,1,prefill,21.77481625487501,3442.354950998829,66.25078958490596,258.04242085786416
Llama2-7B,8,2432,1,8,prefill,3.335935747520833,753.1272501551717,97.5252456425048,115.78317915302635
Llama2-7B,8,2432,2,4,prefill,3.824892843958333,1306.4254154892617,82.96452233520836,158.58408351152363
Llama2-7B,8,2432,4,2,prefill,4.776103052541667,2079.6775665089285,73.8270525598499,205.73296003573896
Llama2-7B,8,2432,8,1,prefill,6.763273805708334,2915.84751111586,71.45856896052558,254.3188160954525
Llama2-7B,8,2432,32,1,prefill,23.26910469570139,3405.447005423865,66.54382078261355,256.6005923385842
Llama2-7B,8,2560,1,8,prefill,3.5684094959166663,743.000877782483,97.68096649930504,114.27513078565084
Llama2-7B,8,2560,2,4,prefill,4.089337444166667,1289.5074775486546,83.16775708854729,156.7643536624452
Llama2-7B,8,2560,4,2,prefill,5.093729481833334,2056.291515187645,74.05404426145819,203.9914247148508
Llama2-7B,8,2560,8,1,prefill,7.191724437166666,2889.5554845868114,71.73781007340932,253.06432272836187
Llama2-7B,8,2560,32,1,prefill,24.791835760527785,3369.669842602827,66.83346005387227,255.1959445924141
Llama2-7B,8,2688,1,8,prefill,3.806189612312499,733.2538103899661,97.83326594914834,112.82739025797667
Llama2-7B,8,2688,2,4,prefill,4.359088412375,1273.293953399984,83.3629217430702,155.02376515675687
Llama2-7B,8,2688,4,2,prefill,5.416662279125,2033.8714043838447,74.27064151832091,202.3201873518865
Llama2-7B,8,2688,8,1,prefill,7.632887004624999,2862.48807172612,72.05685293325325,251.78539991587647
Llama2-7B,8,2688,32,1,prefill,26.343009449354174,3334.951333336376,67.1201919596034,253.82644995141104
Llama2-7B,8,2816,1,8,prefill,4.049278144708333,723.8585067444292,97.98260937974392,111.4352239404577
Llama2-7B,8,2816,2,4,prefill,4.634147796583334,1257.7218696728137,83.55111559901256,153.35479323456383
Llama2-7B,8,2816,4,2,prefill,5.744903492416667,2012.323999726793,74.47826058693664,200.7122391353413
Llama2-7B,8,2816,8,1,prefill,8.079357988083334,2836.6268914995485,72.3575748825796,250.5527121995556
Llama2-7B,8,2816,32,1,prefill,27.92262576218056,3301.227852539629,67.40441295874251,252.49030030152863
Llama2-7B,8,2944,1,8,prefill,4.297697621104167,714.7888980427434,98.12938467781332,110.09406300855636
Llama2-7B,8,2944,2,4,prefill,4.914538124791667,1242.7345252292796,83.73325020996538,151.7505208417911
Llama2-7B,8,2944,4,2,prefill,6.078475649708333,1991.5664470044696,74.67807485433116,199.1610946722576
Llama2-7B,8,2944,8,1,prefill,8.531159915541666,2811.8378930849826,72.62994977332387,249.3258121144323
Llama2-7B,8,2944,32,1,prefill,29.530684699006947,3268.442742518572,67.68645056084507,251.18586825882807
Llama2-7B,8,3072,1,8,prefill,4.551405033499999,706.0276178033132,98.2739089298485,108.80126983221828
Llama2-7B,8,3072,2,4,prefill,5.200216389,1228.2919607483243,83.91007905147852,150.20667156865997
Llama2-7B,8,3072,4,2,prefill,6.417335743,1971.5406808091395,74.87105599058327,197.6630770654324
Llama2-7B,8,3072,8,1,prefill,8.988249779,2788.022135004752,72.90131851389229,248.17358535678704
Llama2-7B,8,3072,32,1,prefill,31.167186259833333,3236.5451344443222,67.96657769054069,249.91167739581053
Llama2-7B,8,3200,1,8,prefill,4.813392509895833,697.3294319758385,98.43839049162573,107.51565812624756
Llama2-7B,8,3200,2,4,prefill,5.494174717208332,1213.9951518130322,84.10417704613693,148.6794596582539
Llama2-7B,8,3200,4,2,prefill,6.7718814682916655,1950.443112029748,75.12633290297678,196.0913773783448
Llama2-7B,8,3200,8,1,prefill,9.461025274458333,2763.1385656107373,73.22868607489717,246.9988284955253
Llama2-7B,8,3200,32,1,prefill,32.84287015665972,3204.858333236667,68.26402353384309,248.65494583088923
Llama2-7B,8,3328,1,8,prefill,5.080688402291665,688.9271484340836,98.5994337208138,106.27644271529712
Llama2-7B,8,3328,2,4,prefill,5.793441461416665,1200.203959398635,84.29245872352443,147.20782016765486
Llama2-7B,8,3328,4,2,prefill,7.131735609583333,1930.1490957101005,75.37103752873585,194.5777815035591
Llama2-7B,8,3328,8,1,prefill,9.939109185916667,2739.2441366662006,73.53991096537476,245.8615631654707
Llama2-7B,8,3328,32,1,prefill,34.546996677486106,3174.039835980555,68.55852061483138,247.4274197241949
Llama2-7B,8,3456,1,8,prefill,5.353315238687499,680.8004480022546,98.75742262980606,105.08011497151624
Llama2-7B,8,3456,2,4,prefill,6.098039149624999,1186.879844824465,84.47557231655453,145.78714001850355
Llama2-7B,8,3456,4,2,prefill,7.496920694875,1910.589084057127,75.60634654181439,193.11692954799904
Llama2-7B,8,3456,8,1,prefill,10.422524041375,2716.2448504805207,73.82621036586384,244.7300604908765
Llama2-7B,8,3456,32,1,prefill,36.2795658223125,3144.0427758031465,68.85039657376268,246.22774892635803
Llama2-7B,8,3584,1,8,prefill,5.631230011083332,672.9351768018817,98.9126810985602,103.92452637584684
Llama2-7B,8,3584,2,4,prefill,6.407924773833331,1173.9952521093153,84.65406817991654,144.41457919302485
Llama2-7B,8,3584,4,2,prefill,7.867393716166665,1891.7115083283245,75.83326324636485,191.70550621552087
Llama2-7B,8,3584,8,1,prefill,10.911226832833334,2694.069786353196,74.11065274407756,243.65946983742464
Llama2-7B,8,3584,32,1,prefill,38.04057759113889,3114.824663088742,69.1399322451431,245.05469737366505
Llama2-7B,8,3712,1,8,prefill,5.914451151479166,665.3147798193361,99.06549388559009,102.80684556703768
Llama2-7B,8,3712,2,4,prefill,6.723116766041665,1161.5196701570317,84.8284263089619,143.0865084069878
Llama2-7B,8,3712,4,2,prefill,8.243173105458332,1873.46288904186,76.0526581114139,190.3393890701552
Llama2-7B,8,3712,8,1,prefill,11.412641560291668,2671.592263581688,74.42355836903279,242.58400269296308
Llama2-7B,8,3712,32,1,prefill,39.83003198396528,3086.3467730725697,69.42736972768478,243.90712773014727
Llama2-7B,8,3840,1,8,prefill,6.202980707874999,657.9252447477986,99.21610470269256,101.7247577042947
Llama2-7B,8,3840,2,4,prefill,7.043617174249999,1149.4273789098015,84.99905962074668,141.79998762676826
Llama2-7B,8,3840,4,2,prefill,8.62426091075,1855.7982058309672,76.26528246453607,189.0152672314268
Llama2-7B,8,3840,8,1,prefill,11.919364703750002,2649.900100639052,74.72343780860105,241.53866757271848
Llama2-7B,8,3840,32,1,prefill,41.64792900079167,3058.573645155336,69.71291884027163,242.78398881005043
Llama2-7B,8,3968,1,8,prefill,6.496841208270832,650.7528441988846,99.36472836427514,100.67593313183232
Llama2-7B,8,3968,2,4,prefill,7.369448526458331,1137.6936739917771,85.166330302001,140.55208744608694
Llama2-7B,8,3968,4,2,prefill,9.010679660041664,1838.6752787864896,76.4717932371066,187.7298715626094
Llama2-7B,8,3968,8,1,prefill,12.431418791208335,2628.928766527565,75.00233991501214,240.49774297160943
Llama2-7B,8,3968,32,1,prefill,43.494268641618056,3031.472669673767,69.99676232838313,241.6843051761575
Llama2-7B,8,4096,1,8,prefill,6.795989644666666,643.7881061593116,99.51154821861248,99.65899767544816
Llama2-7B,8,4096,2,4,prefill,7.700567814666667,1126.3012238395554,85.33055065178172,139.3411196392686
Llama2-7B,8,4096,4,2,prefill,9.402386345333332,1822.063566614493,76.67276062974682,186.48136905403857
Llama2-7B,8,4096,8,1,prefill,12.948760814666668,2608.6293736474013,75.28007945781219,239.5069620527109
Llama2-7B,8,4096,32,1,prefill,45.36905090644445,3005.0137438295624,70.27906009431382,240.6071684584195
