Model,alpha,mode,N_L,N_T,lambda_max,Tput_L,Tput_T,TTFT_L_s,TTFT_T_packed_s,bottleneck
Llama2-7B,0.02,single,2,30,5912.4,418.8,5794.2,0.91,14.732,PoolT
Llama2-7B,0.03,single,2,30,5973.4,418.8,5794.2,0.91,14.732,PoolT
Llama2-7B,0.04,single,2,30,6035.6,418.8,5794.2,0.91,14.732,PoolT
Llama2-7B,0.05,single,2,30,6099.2,418.8,5794.2,0.91,14.732,PoolT
Llama2-7B,0.06,single,2,30,6164.0,418.8,5794.2,0.91,14.732,PoolT
Llama2-7B,0.07,single,4,28,6230.3,499.2,5794.2,0.743,16.117,PoolT
Llama2-7B,0.08,single,6,26,6298.0,513.0,5794.2,0.722,17.501,PoolT
Llama2-7B,0.09,dp_k2,16,16,6367.3,1106.8,5794.2,0.656,24.422,PoolT
Llama2-7B,0.1,dp_k2,16,16,6438.0,1106.8,5794.2,0.656,24.422,PoolT
Llama2-7B,0.11,dp_k2,16,16,6510.3,1106.8,5794.2,0.656,24.422,PoolT
Llama2-7B,0.12,dp_k2,16,16,6584.3,1106.8,5794.2,0.656,24.422,PoolT
Llama2-7B,0.13,dp_k2,16,16,6660.0,1106.8,5794.2,0.656,24.422,PoolT
Llama2-7B,0.14,dp_k2,16,16,6737.4,1106.8,5794.2,0.656,24.422,PoolT
Llama2-7B,0.15,dp_k2,16,16,6816.7,1106.8,5794.2,0.656,24.422,PoolT
Llama2-7B,0.16,dp_k2,16,16,6897.9,1106.8,5794.2,0.656,24.422,PoolT
Llama2-7B,0.17,dp_k2,16,16,6510.6,1106.8,5794.2,0.656,24.422,PoolL
Llama2-7B,0.18,dp_k2,16,16,6148.9,1106.8,5794.2,0.656,24.422,PoolL
Llama2-7B,0.19,dp_k2,16,16,5825.3,1106.8,5794.2,0.656,24.422,PoolL
Llama2-7B,0.2,dp_k2,16,16,5534.0,1106.8,5794.2,0.656,24.422,PoolL
Llama2-7B,0.21,dp_k2,16,16,5270.5,1106.8,5794.2,0.656,24.422,PoolL
Llama2-7B,0.22,dp_k2,16,16,5030.9,1106.8,5794.2,0.656,24.422,PoolL
Llama2-7B,0.23,dp_k2,16,16,4812.2,1106.8,5794.2,0.656,24.422,PoolL
Llama2-7B,0.24,dp_k2,16,16,4611.7,1106.8,5794.2,0.656,24.422,PoolL
Llama2-7B,0.25,dp_k2,16,16,4427.2,1106.8,5794.2,0.656,24.422,PoolL
Llama2-7B,0.26,dp_k2,16,16,4256.9,1106.8,5794.2,0.656,24.422,PoolL
Llama2-7B,0.27,dp_k3,24,8,4110.0,1660.2,3000.3,0.656,47.329,PoolT
Llama2-7B,0.28,dp_k3,24,8,4167.1,1660.2,3000.3,0.656,47.329,PoolT
Llama2-7B,0.29,dp_k3,24,8,4225.8,1660.2,3000.3,0.656,47.329,PoolT
Llama2-7B,0.3,dp_k3,24,8,4286.1,1660.2,3000.3,0.656,47.329,PoolT
Llama2-7B,0.31,dp_k3,24,8,4348.3,1660.2,3000.3,0.656,47.329,PoolT
Llama2-7B,0.32,dp_k3,24,8,4412.2,1660.2,3000.3,0.656,47.329,PoolT
Llama2-7B,0.33,dp_k3,24,8,4478.1,1660.2,3000.3,0.656,47.329,PoolT
Llama2-7B,0.34,dp_k3,24,8,4545.9,1660.2,3000.3,0.656,47.329,PoolT
Llama2-7B,0.35,dp_k3,24,8,4615.8,1660.2,3000.3,0.656,47.329,PoolT
Llama2-7B,0.36,dp_k3,24,8,4611.7,1660.2,3000.3,0.656,47.329,PoolL
Llama2-7B,0.37,dp_k3,24,8,4487.0,1660.2,3000.3,0.656,47.329,PoolL
Llama2-7B,0.38,dp_k3,24,8,4368.9,1660.2,3000.3,0.656,47.329,PoolL
Llama2-7B,0.39,dp_k3,24,8,4256.9,1660.2,3000.3,0.656,47.329,PoolL
Llama2-7B,0.4,dp_k3,24,8,4150.5,1660.2,3000.3,0.656,47.329,PoolL
Llama2-7B,0.41,dp_k3,24,8,4049.3,1660.2,3000.3,0.656,47.329,PoolL
Llama2-7B,0.42,dp_k3,24,8,3952.9,1660.2,3000.3,0.656,47.329,PoolL
Llama2-7B,0.43,dp_k3,24,8,3860.9,1660.2,3000.3,0.656,47.329,PoolL
Llama2-7B,0.44,dp_k3,24,8,3773.2,1660.2,3000.3,0.656,47.329,PoolL
Llama2-7B,0.45,dp_k3,24,8,3689.3,1660.2,3000.3,0.656,47.329,PoolL
Llama2-7B,0.46,dp_k3,24,8,3609.1,1660.2,3000.3,0.656,47.329,PoolL
Llama2-7B,0.47,dp_k3,24,8,3532.3,1660.2,3000.3,0.656,47.329,PoolL
Llama2-7B,0.48,dp_k3,24,8,3458.8,1660.2,3000.3,0.656,47.329,PoolL
Llama2-7B,0.49,dp_k3,24,8,3388.2,1660.2,3000.3,0.656,47.329,PoolL
Llama2-7B,0.5,dp_k3,24,8,3320.4,1660.2,3000.3,0.656,47.329,PoolL
Llama2-7B,0.51,dp_k3,24,8,3255.3,1660.2,3000.3,0.656,47.329,PoolL
Llama2-7B,0.52,dp_k3,24,8,3192.7,1660.2,3000.3,0.656,47.329,PoolL
Llama2-7B,0.53,dp_k3,24,8,3132.5,1660.2,3000.3,0.656,47.329,PoolL
Llama2-7B,0.54,dp_k3,24,8,3074.4,1660.2,3000.3,0.656,47.329,PoolL
Llama2-7B,0.55,dp_k3,24,8,3018.5,1660.2,3000.3,0.656,47.329,PoolL
Llama2-7B,0.56,dp_k3,24,8,2964.6,1660.2,3000.3,0.656,47.329,PoolL
Llama2-7B,0.57,dp_k3,24,8,2912.6,1660.2,3000.3,0.656,47.329,PoolL
Llama2-7B,0.58,dp_k3,24,8,2862.4,1660.2,3000.3,0.656,47.329,PoolL
Llama2-7B,0.59,dp_k3,24,8,2813.9,1660.2,3000.3,0.656,47.329,PoolL
Llama2-7B,0.6,dp_k3,24,8,2767.0,1660.2,3000.3,0.656,47.329,PoolL
Llama2-7B,0.61,dp_k3,24,8,2721.6,1660.2,3000.3,0.656,47.329,PoolL
Llama2-7B,0.62,dp_k3,24,8,2677.7,1660.2,3000.3,0.656,47.329,PoolL
Llama2-7B,0.63,dp_k3,24,8,2635.2,1660.2,3000.3,0.656,47.329,PoolL
Llama2-7B,0.64,dp_k3,24,8,2594.1,1660.2,3000.3,0.656,47.329,PoolL
Llama2-7B,0.65,dp_k3,24,8,2554.2,1660.2,3000.3,0.656,47.329,PoolL
Llama2-7B,0.66,dp_k3,24,8,2515.5,1660.2,3000.3,0.656,47.329,PoolL
Llama2-7B,0.67,dp_k3,24,8,2477.9,1660.2,3000.3,0.656,47.329,PoolL
Llama2-7B,0.68,dp_k3,24,8,2441.5,1660.2,3000.3,0.656,47.329,PoolL
Llama2-7B,0.69,dp_k3,24,8,2406.1,1660.2,3000.3,0.656,47.329,PoolL
Llama2-7B,0.7,dp_k3,24,8,2371.7,1660.2,3000.3,0.656,47.329,PoolL
Llama2-7B,0.71,dp_k3,24,8,2338.3,1660.2,3000.3,0.656,47.329,PoolL
Llama2-7B,0.72,dp_k3,24,8,2305.8,1660.2,3000.3,0.656,47.329,PoolL
Llama2-7B,0.73,dp_k3,24,8,2274.2,1660.2,3000.3,0.656,47.329,PoolL
Llama2-7B,0.74,dp_k3,24,8,2243.5,1660.2,3000.3,0.656,47.329,PoolL
Llama2-7B,0.75,dp_k3,24,8,2213.6,1660.2,3000.3,0.656,47.329,PoolL
Llama2-7B,0.76,dp_k3,24,8,2184.5,1660.2,3000.3,0.656,47.329,PoolL
Llama2-7B,0.77,dp_k3,24,8,2156.1,1660.2,3000.3,0.656,47.329,PoolL
Llama2-7B,0.78,dp_k3,24,8,2128.5,1660.2,3000.3,0.656,47.329,PoolL
Llama2-7B,0.79,dp_k3,24,8,2101.5,1660.2,3000.3,0.656,47.329,PoolL
Llama2-7B,0.8,dp_k3,24,8,2075.2,1660.2,3000.3,0.656,47.329,PoolL
Llama2-7B,0.81,dp_k3,24,8,2049.6,1660.2,3000.3,0.656,47.329,PoolL
Llama2-7B,0.82,dp_k3,24,8,2024.6,1660.2,3000.3,0.656,47.329,PoolL
Llama2-7B,0.83,dp_k3,24,8,2000.2,1660.2,3000.3,0.656,47.329,PoolL
Llama2-7B,0.84,dp_k3,24,8,1976.4,1660.2,3000.3,0.656,47.329,PoolL
Llama2-7B,0.85,dp_k3,24,8,1953.2,1660.2,3000.3,0.656,47.329,PoolL
Llama2-7B,0.86,dp_k3,24,8,1930.5,1660.2,3000.3,0.656,47.329,PoolL
Llama2-7B,0.87,dp_k3,24,8,1908.3,1660.2,3000.3,0.656,47.329,PoolL
Llama2-7B,0.88,dp_k3,24,8,1886.6,1660.2,3000.3,0.656,47.329,PoolL
Llama2-7B,0.89,dp_k3,24,8,1865.4,1660.2,3000.3,0.656,47.329,PoolL
Llama2-7B,0.9,dp_k3,24,8,1844.7,1660.2,3000.3,0.656,47.329,PoolL
Llama2-7B,0.91,dp_k3,24,8,1824.4,1660.2,3000.3,0.656,47.329,PoolL
Llama2-7B,0.92,dp_k3,24,8,1804.6,1660.2,3000.3,0.656,47.329,PoolL
Llama2-7B,0.93,dp_k3,24,8,1785.2,1660.2,3000.3,0.656,47.329,PoolL
Llama2-7B,0.94,dp_k3,24,8,1766.2,1660.2,3000.3,0.656,47.329,PoolL
Llama2-7B,0.95,dp_k3,24,8,1747.6,1660.2,3000.3,0.656,47.329,PoolL
Llama2-7B,0.96,dp_k3,24,8,1729.4,1660.2,3000.3,0.656,47.329,PoolL
Llama2-7B,0.97,dp_k3,24,8,1711.5,1660.2,3000.3,0.656,47.329,PoolL
Llama2-7B,0.98,dp_k3,24,8,1694.1,1660.2,3000.3,0.656,47.329,PoolL
Llama2-13B,0.02,single,2,30,4189.2,250.4,4105.4,1.53,32.802,PoolT
Llama2-13B,0.03,single,2,30,4232.4,250.4,4105.4,1.53,32.802,PoolT
Llama2-13B,0.04,single,2,30,4276.5,250.4,4105.4,1.53,32.802,PoolT
Llama2-13B,0.05,single,2,30,4321.5,250.4,4105.4,1.53,32.802,PoolT
Llama2-13B,0.06,single,4,28,4367.4,302.7,4105.4,1.226,34.767,PoolT
Llama2-13B,0.07,single,6,26,4414.4,329.7,4105.4,1.102,36.732,PoolT
Llama2-13B,0.08,single,10,22,4462.4,358.8,4105.4,0.989,40.662,PoolT
Llama2-13B,0.09,single,10,22,3986.7,358.8,4105.4,0.989,40.662,PoolL
Llama2-13B,0.1,single,10,22,3588.0,358.8,4105.4,0.989,40.662,PoolL
Llama2-13B,0.11,single,10,22,3261.8,358.8,4105.4,0.989,40.662,PoolL
Llama2-13B,0.12,single,10,22,2990.0,358.8,4105.4,0.989,40.662,PoolL
Llama2-13B,0.13,single,10,22,2760.0,358.8,4105.4,0.989,40.662,PoolL
Llama2-13B,0.14,single,10,22,2562.9,358.8,4105.4,0.989,40.662,PoolL
Llama2-13B,0.15,dp_k2,20,12,2488.1,717.6,2114.9,0.989,72.625,PoolT
Llama2-13B,0.16,dp_k2,20,12,2517.7,717.6,2114.9,0.989,72.625,PoolT
Llama2-13B,0.17,dp_k2,20,12,2548.1,717.6,2114.9,0.989,72.625,PoolT
Llama2-13B,0.18,dp_k2,20,12,2579.1,717.6,2114.9,0.989,72.625,PoolT
Llama2-13B,0.19,dp_k2,20,12,2611.0,717.6,2114.9,0.989,72.625,PoolT
Llama2-13B,0.2,dp_k2,20,12,2643.6,717.6,2114.9,0.989,72.625,PoolT
Llama2-13B,0.21,dp_k2,20,12,2677.1,717.6,2114.9,0.989,72.625,PoolT
Llama2-13B,0.22,dp_k2,20,12,2711.4,717.6,2114.9,0.989,72.625,PoolT
Llama2-13B,0.23,dp_k2,20,12,2746.6,717.6,2114.9,0.989,72.625,PoolT
Llama2-13B,0.24,dp_k2,20,12,2782.8,717.6,2114.9,0.989,72.625,PoolT
Llama2-13B,0.25,dp_k2,20,12,2819.9,717.6,2114.9,0.989,72.625,PoolT
Llama2-13B,0.26,dp_k2,20,12,2760.0,717.6,2114.9,0.989,72.625,PoolL
Llama2-13B,0.27,dp_k2,20,12,2657.8,717.6,2114.9,0.989,72.625,PoolL
Llama2-13B,0.28,dp_k2,20,12,2562.9,717.6,2114.9,0.989,72.625,PoolL
Llama2-13B,0.29,dp_k2,20,12,2474.5,717.6,2114.9,0.989,72.625,PoolL
Llama2-13B,0.3,dp_k2,20,12,2392.0,717.6,2114.9,0.989,72.625,PoolL
Llama2-13B,0.31,dp_k2,20,12,2314.8,717.6,2114.9,0.989,72.625,PoolL
Llama2-13B,0.32,dp_k2,20,12,2242.5,717.6,2114.9,0.989,72.625,PoolL
Llama2-13B,0.33,dp_k2,20,12,2174.5,717.6,2114.9,0.989,72.625,PoolL
Llama2-13B,0.34,dp_k2,20,12,2110.6,717.6,2114.9,0.989,72.625,PoolL
Llama2-13B,0.35,dp_k2,20,12,2050.3,717.6,2114.9,0.989,72.625,PoolL
Llama2-13B,0.36,dp_k2,20,12,1993.3,717.6,2114.9,0.989,72.625,PoolL
Llama2-13B,0.37,dp_k2,20,12,1939.5,717.6,2114.9,0.989,72.625,PoolL
Llama2-13B,0.38,dp_k2,20,12,1888.4,717.6,2114.9,0.989,72.625,PoolL
Llama2-13B,0.39,dp_k2,20,12,1840.0,717.6,2114.9,0.989,72.625,PoolL
Llama2-13B,0.4,dp_k2,20,12,1794.0,717.6,2114.9,0.989,72.625,PoolL
Llama2-13B,0.41,dp_k2,20,12,1750.2,717.6,2114.9,0.989,72.625,PoolL
Llama2-13B,0.42,dp_k2,20,12,1708.6,717.6,2114.9,0.989,72.625,PoolL
Llama2-13B,0.43,dp_k2,20,12,1668.8,717.6,2114.9,0.989,72.625,PoolL
Llama2-13B,0.44,dp_k2,20,12,1630.9,717.6,2114.9,0.989,72.625,PoolL
Llama2-13B,0.45,dp_k2,20,12,1594.7,717.6,2114.9,0.989,72.625,PoolL
Llama2-13B,0.46,dp_k2,20,12,1560.0,717.6,2114.9,0.989,72.625,PoolL
Llama2-13B,0.47,dp_k2,20,12,1526.8,717.6,2114.9,0.989,72.625,PoolL
Llama2-13B,0.48,dp_k2,20,12,1495.0,717.6,2114.9,0.989,72.625,PoolL
Llama2-13B,0.49,dp_k2,20,12,1464.5,717.6,2114.9,0.989,72.625,PoolL
Llama2-13B,0.5,dp_k2,20,12,1435.2,717.6,2114.9,0.989,72.625,PoolL
Llama2-13B,0.51,dp_k2,20,12,1407.1,717.6,2114.9,0.989,72.625,PoolL
Llama2-13B,0.52,dp_k2,20,12,1380.0,717.6,2114.9,0.989,72.625,PoolL
Llama2-13B,0.53,dp_k2,20,12,1354.0,717.6,2114.9,0.989,72.625,PoolL
Llama2-13B,0.54,dp_k2,20,12,1328.9,717.6,2114.9,0.989,72.625,PoolL
Llama2-13B,0.55,dp_k2,20,12,1304.7,717.6,2114.9,0.989,72.625,PoolL
Llama2-13B,0.56,dp_k2,20,12,1281.4,717.6,2114.9,0.989,72.625,PoolL
Llama2-13B,0.57,dp_k2,20,12,1258.9,717.6,2114.9,0.989,72.625,PoolL
Llama2-13B,0.58,dp_k2,20,12,1237.2,717.6,2114.9,0.989,72.625,PoolL
Llama2-13B,0.59,dp_k2,20,12,1216.3,717.6,2114.9,0.989,72.625,PoolL
Llama2-13B,0.6,dp_k2,20,12,1196.0,717.6,2114.9,0.989,72.625,PoolL
Llama2-13B,0.61,dp_k2,20,12,1176.4,717.6,2114.9,0.989,72.625,PoolL
Llama2-13B,0.62,dp_k2,20,12,1157.4,717.6,2114.9,0.989,72.625,PoolL
Llama2-13B,0.63,dp_k2,20,12,1139.0,717.6,2114.9,0.989,72.625,PoolL
Llama2-13B,0.64,dp_k2,20,12,1121.2,717.6,2114.9,0.989,72.625,PoolL
Llama2-13B,0.65,dp_k2,20,12,1104.0,717.6,2114.9,0.989,72.625,PoolL
Llama2-13B,0.66,dp_k2,20,12,1087.3,717.6,2114.9,0.989,72.625,PoolL
Llama2-13B,0.67,dp_k2,20,12,1071.0,717.6,2114.9,0.989,72.625,PoolL
Llama2-13B,0.68,dp_k2,20,12,1055.3,717.6,2114.9,0.989,72.625,PoolL
Llama2-13B,0.69,dp_k2,20,12,1040.0,717.6,2114.9,0.989,72.625,PoolL
Llama2-13B,0.7,dp_k2,20,12,1025.1,717.6,2114.9,0.989,72.625,PoolL
Llama2-13B,0.71,dp_k2,20,12,1010.7,717.6,2114.9,0.989,72.625,PoolL
Llama2-13B,0.72,dp_k2,20,12,996.7,717.6,2114.9,0.989,72.625,PoolL
Llama2-13B,0.73,dp_k2,20,12,983.0,717.6,2114.9,0.989,72.625,PoolL
Llama2-13B,0.74,dp_k2,20,12,969.7,717.6,2114.9,0.989,72.625,PoolL
Llama2-13B,0.75,dp_k2,20,12,956.8,717.6,2114.9,0.989,72.625,PoolL
Llama2-13B,0.76,dp_k2,20,12,944.2,717.6,2114.9,0.989,72.625,PoolL
Llama2-13B,0.77,dp_k2,20,12,931.9,717.6,2114.9,0.989,72.625,PoolL
Llama2-13B,0.78,dp_k2,20,12,920.0,717.6,2114.9,0.989,72.625,PoolL
Llama2-13B,0.79,dp_k2,20,12,908.4,717.6,2114.9,0.989,72.625,PoolL
Llama2-13B,0.8,dp_k2,20,12,897.0,717.6,2114.9,0.989,72.625,PoolL
Llama2-13B,0.81,dp_k2,20,12,885.9,717.6,2114.9,0.989,72.625,PoolL
Llama2-13B,0.82,dp_k2,20,12,875.1,717.6,2114.9,0.989,72.625,PoolL
Llama2-13B,0.83,dp_k2,20,12,864.6,717.6,2114.9,0.989,72.625,PoolL
Llama2-13B,0.84,dp_k2,20,12,854.3,717.6,2114.9,0.989,72.625,PoolL
Llama2-13B,0.85,dp_k2,20,12,844.2,717.6,2114.9,0.989,72.625,PoolL
Llama2-13B,0.86,dp_k2,20,12,834.4,717.6,2114.9,0.989,72.625,PoolL
Llama2-13B,0.87,dp_k2,20,12,824.8,717.6,2114.9,0.989,72.625,PoolL
Llama2-13B,0.88,dp_k2,20,12,815.5,717.6,2114.9,0.989,72.625,PoolL
Llama2-13B,0.89,dp_k2,20,12,806.3,717.6,2114.9,0.989,72.625,PoolL
Llama2-13B,0.9,dp_k2,20,12,797.3,717.6,2114.9,0.989,72.625,PoolL
Llama2-13B,0.91,dp_k2,20,12,788.6,717.6,2114.9,0.989,72.625,PoolL
Llama2-13B,0.92,dp_k2,20,12,780.0,717.6,2114.9,0.989,72.625,PoolL
Llama2-13B,0.93,dp_k2,20,12,771.6,717.6,2114.9,0.989,72.625,PoolL
Llama2-13B,0.94,dp_k2,20,12,763.4,717.6,2114.9,0.989,72.625,PoolL
Llama2-13B,0.95,dp_k2,20,12,755.4,717.6,2114.9,0.989,72.625,PoolL
Llama2-13B,0.96,dp_k2,20,12,747.5,717.6,2114.9,0.989,72.625,PoolL
Llama2-13B,0.97,dp_k2,20,12,739.8,717.6,2114.9,0.989,72.625,PoolL
Llama2-13B,0.98,dp_k2,20,12,732.2,717.6,2114.9,0.989,72.625,PoolL
Llama2-70B,0.02,single,10,22,975.3,100.4,955.8,3.416,336.675,PoolT
Llama2-70B,0.03,single,10,22,985.4,100.4,955.8,3.416,336.675,PoolT
Llama2-70B,0.04,single,10,22,995.6,100.4,955.8,3.416,336.675,PoolT
Llama2-70B,0.05,single,10,22,1006.1,100.4,955.8,3.416,336.675,PoolT
Llama2-70B,0.06,single,10,22,1016.8,100.4,955.8,3.416,336.675,PoolT
Llama2-70B,0.07,single,10,22,1027.7,100.4,955.8,3.416,336.675,PoolT
Llama2-70B,0.08,single,10,22,1038.9,100.4,955.8,3.416,336.675,PoolT
Llama2-70B,0.09,single,10,22,1050.3,100.4,955.8,3.416,336.675,PoolT
Llama2-70B,0.1,single,12,20,1016.0,101.6,955.8,3.363,357.461,PoolL
Llama2-70B,0.11,single,12,20,923.6,101.6,955.8,3.363,357.461,PoolL
Llama2-70B,0.12,single,12,20,846.7,101.6,955.8,3.363,357.461,PoolL
Llama2-70B,0.13,single,16,16,822.0,108.0,715.1,3.087,477.652,PoolT
Llama2-70B,0.14,single,16,16,771.4,108.0,715.1,3.087,477.652,PoolL
Llama2-70B,0.15,single,16,16,720.0,108.0,715.1,3.087,477.652,PoolL
Llama2-70B,0.16,single,16,16,675.0,108.0,715.1,3.087,477.652,PoolL
Llama2-70B,0.17,single,16,16,635.3,108.0,715.1,3.087,477.652,PoolL
Llama2-70B,0.18,single,16,16,600.0,108.0,715.1,3.087,477.652,PoolL
Llama2-70B,0.19,single,16,16,568.4,108.0,715.1,3.087,477.652,PoolL
Llama2-70B,0.2,single,16,16,540.0,108.0,715.1,3.087,477.652,PoolL
Llama2-70B,0.21,single,16,16,514.3,108.0,715.1,3.087,477.652,PoolL
Llama2-70B,0.22,single,16,16,490.9,108.0,715.1,3.087,477.652,PoolL
Llama2-70B,0.23,single,16,16,469.6,108.0,715.1,3.087,477.652,PoolL
Llama2-70B,0.24,single,16,16,450.0,108.0,715.1,3.087,477.652,PoolL
Llama2-70B,0.25,single,16,16,432.0,108.0,715.1,3.087,477.652,PoolL
Llama2-70B,0.26,single,16,16,415.4,108.0,715.1,3.087,477.652,PoolL
Llama2-70B,0.27,single,16,16,400.0,108.0,715.1,3.087,477.652,PoolL
Llama2-70B,0.28,single,16,16,385.7,108.0,715.1,3.087,477.652,PoolL
Llama2-70B,0.29,single,16,16,372.4,108.0,715.1,3.087,477.652,PoolL
Llama2-70B,0.3,single,16,16,360.0,108.0,715.1,3.087,477.652,PoolL
Llama2-70B,0.31,single,16,16,348.4,108.0,715.1,3.087,477.652,PoolL
Llama2-70B,0.32,single,16,16,337.5,108.0,715.1,3.087,477.652,PoolL
Llama2-70B,0.33,single,16,16,327.3,108.0,715.1,3.087,477.652,PoolL
Llama2-70B,0.34,single,16,16,317.6,108.0,715.1,3.087,477.652,PoolL
Llama2-70B,0.35,single,16,16,308.6,108.0,715.1,3.087,477.652,PoolL
Llama2-70B,0.36,single,16,16,300.0,108.0,715.1,3.087,477.652,PoolL
Llama2-70B,0.37,single,16,16,291.9,108.0,715.1,3.087,477.652,PoolL
Llama2-70B,0.38,single,16,16,284.2,108.0,715.1,3.087,477.652,PoolL
Llama2-70B,0.39,single,16,16,276.9,108.0,715.1,3.087,477.652,PoolL
Llama2-70B,0.4,single,16,16,270.0,108.0,715.1,3.087,477.652,PoolL
Llama2-70B,0.41,single,16,16,263.4,108.0,715.1,3.087,477.652,PoolL
Llama2-70B,0.42,single,16,16,257.1,108.0,715.1,3.087,477.652,PoolL
Llama2-70B,0.43,single,16,16,251.2,108.0,715.1,3.087,477.652,PoolL
Llama2-70B,0.44,single,16,16,245.5,108.0,715.1,3.087,477.652,PoolL
Llama2-70B,0.45,single,16,16,240.0,108.0,715.1,3.087,477.652,PoolL
Llama2-70B,0.46,single,16,16,234.8,108.0,715.1,3.087,477.652,PoolL
Llama2-70B,0.47,single,16,16,229.8,108.0,715.1,3.087,477.652,PoolL
Llama2-70B,0.48,single,16,16,225.0,108.0,715.1,3.087,477.652,PoolL
Llama2-70B,0.49,single,16,16,220.4,108.0,715.1,3.087,477.652,PoolL
Llama2-70B,0.5,single,16,16,216.0,108.0,715.1,3.087,477.652,PoolL
Llama2-70B,0.51,single,16,16,211.8,108.0,715.1,3.087,477.652,PoolL
Llama2-70B,0.52,single,16,16,207.7,108.0,715.1,3.087,477.652,PoolL
Llama2-70B,0.53,single,16,16,203.8,108.0,715.1,3.087,477.652,PoolL
Llama2-70B,0.54,single,16,16,200.0,108.0,715.1,3.087,477.652,PoolL
Llama2-70B,0.55,single,16,16,196.4,108.0,715.1,3.087,477.652,PoolL
Llama2-70B,0.56,single,16,16,192.9,108.0,715.1,3.087,477.652,PoolL
Llama2-70B,0.57,single,16,16,189.5,108.0,715.1,3.087,477.652,PoolL
Llama2-70B,0.58,single,16,16,186.2,108.0,715.1,3.087,477.652,PoolL
Llama2-70B,0.59,single,16,16,183.1,108.0,715.1,3.087,477.652,PoolL
Llama2-70B,0.6,single,16,16,180.0,108.0,715.1,3.087,477.652,PoolL
Llama2-70B,0.61,single,16,16,177.0,108.0,715.1,3.087,477.652,PoolL
Llama2-70B,0.62,single,16,16,174.2,108.0,715.1,3.087,477.652,PoolL
Llama2-70B,0.63,single,16,16,171.4,108.0,715.1,3.087,477.652,PoolL
Llama2-70B,0.64,single,16,16,168.8,108.0,715.1,3.087,477.652,PoolL
Llama2-70B,0.65,single,16,16,166.2,108.0,715.1,3.087,477.652,PoolL
Llama2-70B,0.66,single,16,16,163.6,108.0,715.1,3.087,477.652,PoolL
Llama2-70B,0.67,single,16,16,161.2,108.0,715.1,3.087,477.652,PoolL
Llama2-70B,0.68,single,16,16,158.8,108.0,715.1,3.087,477.652,PoolL
Llama2-70B,0.69,single,16,16,156.5,108.0,715.1,3.087,477.652,PoolL
Llama2-70B,0.7,single,16,16,154.3,108.0,715.1,3.087,477.652,PoolL
Llama2-70B,0.71,single,16,16,152.1,108.0,715.1,3.087,477.652,PoolL
Llama2-70B,0.72,single,16,16,150.0,108.0,715.1,3.087,477.652,PoolL
Llama2-70B,0.73,single,16,16,147.9,108.0,715.1,3.087,477.652,PoolL
Llama2-70B,0.74,single,16,16,145.9,108.0,715.1,3.087,477.652,PoolL
Llama2-70B,0.75,single,16,16,144.0,108.0,715.1,3.087,477.652,PoolL
Llama2-70B,0.76,single,16,16,142.1,108.0,715.1,3.087,477.652,PoolL
Llama2-70B,0.77,single,16,16,140.3,108.0,715.1,3.087,477.652,PoolL
Llama2-70B,0.78,single,16,16,138.5,108.0,715.1,3.087,477.652,PoolL
Llama2-70B,0.79,single,16,16,136.7,108.0,715.1,3.087,477.652,PoolL
Llama2-70B,0.8,single,16,16,135.0,108.0,715.1,3.087,477.652,PoolL
Llama2-70B,0.81,single,16,16,133.3,108.0,715.1,3.087,477.652,PoolL
Llama2-70B,0.82,single,16,16,131.7,108.0,715.1,3.087,477.652,PoolL
Llama2-70B,0.83,single,16,16,130.1,108.0,715.1,3.087,477.652,PoolL
Llama2-70B,0.84,single,16,16,128.6,108.0,715.1,3.087,477.652,PoolL
Llama2-70B,0.85,single,16,16,127.1,108.0,715.1,3.087,477.652,PoolL
Llama2-70B,0.86,single,16,16,125.6,108.0,715.1,3.087,477.652,PoolL
Llama2-70B,0.87,single,16,16,124.1,108.0,715.1,3.087,477.652,PoolL
Llama2-70B,0.88,single,16,16,122.7,108.0,715.1,3.087,477.652,PoolL
Llama2-70B,0.89,single,16,16,121.3,108.0,715.1,3.087,477.652,PoolL
Llama2-70B,0.9,single,16,16,120.0,108.0,715.1,3.087,477.652,PoolL
Llama2-70B,0.91,single,16,16,118.7,108.0,715.1,3.087,477.652,PoolL
Llama2-70B,0.92,single,16,16,117.4,108.0,715.1,3.087,477.652,PoolL
Llama2-70B,0.93,single,16,16,116.1,108.0,715.1,3.087,477.652,PoolL
Llama2-70B,0.94,single,16,16,114.9,108.0,715.1,3.087,477.652,PoolL
Llama2-70B,0.95,single,16,16,113.7,108.0,715.1,3.087,477.652,PoolL
Llama2-70B,0.96,single,16,16,112.5,108.0,715.1,3.087,477.652,PoolL
Llama2-70B,0.97,single,16,16,111.3,108.0,715.1,3.087,477.652,PoolL
Llama2-70B,0.98,single,16,16,110.2,108.0,715.1,3.087,477.652,PoolL
