Model,trace,policy,ticks,hours,reconfigs,grow_B,grow_C,shrinks,spill_ticks,spill_frac,unmet_frac,infeasible_ticks,eff_TTFT_s,mean_batch_lat_s,tokens_lost,devices_drained,N_L_min,N_L_max,distinct_splits,t_drain_s,t_grow_s,expectation
Llama2-7B,1_steady,hysteresis,720,6.0,0,0,0,0,0,0.0,0.0,0,0.458,10.83,0.0,0,16.0,16.0,1,45.4,90.9,pass
Llama2-7B,1_steady,greedy,720,6.0,0,0,0,0,0,0.0,0.0,0,0.458,10.83,0.0,0,16.0,16.0,1,45.4,90.9,
Llama2-7B,1_steady,static,720,6.0,0,0,0,0,0,0.0,0.0,0,0.458,10.83,0.0,0,16.0,16.0,1,45.4,90.9,
Llama2-7B,3_step_up,hysteresis,720,6.0,1,0,1,0,480,0.0594,0.0007,0,1.16,10.83,168943.2,16,16.0,16.0,2,45.4,90.9,pass
Llama2-7B,3_step_up,greedy,720,6.0,1,0,0,0,1,0.0013,0.0,0,0.766,10.83,168943.2,16,16.0,16.0,2,45.4,90.9,
Llama2-7B,3_step_up,static,720,6.0,0,0,0,0,480,0.6344,0.0,0,7.02,10.83,0.0,0,16.0,16.0,1,45.4,90.9,
Llama2-7B,4_step_down,hysteresis,720,6.0,0,0,0,0,0,0.0,0.0,0,0.782,10.83,0.0,0,16.0,16.0,1,45.4,90.9,pass
Llama2-7B,4_step_down,greedy,720,6.0,1,0,0,0,0,0.0,0.0,0,0.688,10.83,263644.3,16,16.0,16.0,2,45.4,90.9,
Llama2-7B,4_step_down,static,720,6.0,0,0,0,0,0,0.0,0.0,0,0.782,10.83,0.0,0,16.0,16.0,1,45.4,90.9,
Llama2-7B,5_slow_ramp,hysteresis,720,6.0,1,1,0,0,61,0.0046,0.0,0,0.828,10.75,280039.0,30,1.0,16.0,2,45.4,90.9,pass
Llama2-7B,5_slow_ramp,greedy,720,6.0,6,0,0,0,6,0.0,0.0,0,0.679,10.93,1087397.9,94,1.0,21.0,7,45.4,90.9,
Llama2-7B,5_slow_ramp,static,720,6.0,0,0,0,0,717,0.8894,0.0,0,5.689,6.3,0.0,0,1.0,1.0,1,45.4,90.9,
Llama2-7B,7_diurnal,hysteresis,720,6.0,3,1,1,1,41,0.0029,0.0008,0,0.61,10.59,904272.8,77,1.0,16.0,4,45.4,90.9,pass
Llama2-7B,7_diurnal,greedy,720,6.0,6,0,0,0,3,0.0,0.0,0,0.529,10.62,1390900.5,126,1.0,16.0,4,45.4,90.9,
Llama2-7B,7_diurnal,static,720,6.0,0,0,0,0,324,0.2045,0.0,0,2.58,10.83,0.0,0,16.0,16.0,1,45.4,90.9,
Llama2-7B,2_brief_spike,hysteresis,720,6.0,0,0,0,0,1,0.0057,0.0,0,0.463,10.83,0.0,0,16.0,16.0,1,45.4,90.9,pass
Llama2-7B,2_brief_spike,greedy,720,6.0,2,0,0,0,1,0.0057,0.0,0,0.464,10.83,432587.5,32,16.0,16.0,2,45.4,90.9,
Llama2-7B,2_brief_spike,static,720,6.0,0,0,0,0,1,0.0057,0.0,0,0.463,10.83,0.0,0,16.0,16.0,1,45.4,90.9,
Llama2-7B,6_flapping,hysteresis,720,6.0,0,0,0,0,360,0.5177,0.0,0,5.802,10.83,0.0,0,16.0,16.0,1,45.4,90.9,pass
Llama2-7B,6_flapping,greedy,720,6.0,239,0,0,0,120,0.1726,0.0,0,2.297,10.83,46896534.2,3824,16.0,16.0,2,45.4,90.9,
Llama2-7B,6_flapping,static,720,6.0,0,0,0,0,360,0.5177,0.0,0,5.802,10.83,0.0,0,16.0,16.0,1,45.4,90.9,
Llama2-7B,8_spill_saturation,hysteresis,720,6.0,0,0,0,0,74,0.0089,0.379,421,0.926,10.83,0.0,0,16.0,16.0,1,45.4,90.9,pass
Llama2-7B,8_spill_saturation,greedy,720,6.0,1,0,0,0,68,0.0075,0.379,421,0.903,10.95,247166.5,15,16.0,21.0,2,45.4,90.9,
Llama2-7B,8_spill_saturation,static,720,6.0,0,0,0,0,74,0.0089,0.379,421,0.926,10.83,0.0,0,16.0,16.0,1,45.4,90.9,
Llama2-7B,9_overload,hysteresis,720,6.0,1,0,1,0,62,0.0034,0.0354,191,0.755,10.83,223725.7,16,16.0,16.0,2,45.4,90.9,pass
Llama2-7B,9_overload,greedy,720,6.0,1,0,0,0,1,0.0,0.0349,0,0.735,10.83,223725.7,16,16.0,16.0,2,45.4,90.9,
Llama2-7B,9_overload,static,720,6.0,0,0,0,0,95,0.0049,0.2218,0,0.627,10.83,0.0,0,16.0,16.0,1,45.4,90.9,
Llama2-13B,1_steady,hysteresis,720,6.0,0,0,0,0,0,0.0,0.0,0,0.83,19.19,0.0,0,12.0,12.0,1,63.3,126.6,pass
Llama2-13B,1_steady,greedy,720,6.0,0,0,0,0,0,0.0,0.0,0,0.83,19.19,0.0,0,12.0,12.0,1,63.3,126.6,
Llama2-13B,1_steady,static,720,6.0,0,0,0,0,0,0.0,0.0,0,0.83,19.19,0.0,0,12.0,12.0,1,63.3,126.6,
Llama2-13B,3_step_up,hysteresis,720,6.0,2,1,1,0,480,0.0569,0.0,0,2.111,21.3,192911.1,18,12.0,14.0,3,63.3,126.6,pass
Llama2-13B,3_step_up,greedy,720,6.0,1,0,0,0,1,0.0012,0.0,0,0.948,25.44,303658.9,30,12.0,18.0,2,63.3,126.6,
Llama2-13B,3_step_up,static,720,6.0,0,0,0,0,480,0.5909,0.0,0,11.617,19.19,0.0,0,12.0,12.0,1,63.3,126.6,
Llama2-13B,4_step_down,hysteresis,720,6.0,1,0,0,1,0,0.0,0.0009,0,0.881,22.5,313325.5,30,12.0,18.0,2,63.3,126.6,pass
Llama2-13B,4_step_down,greedy,720,6.0,1,0,0,0,0,0.0,0.0,0,0.879,22.33,313325.5,30,12.0,18.0,2,63.3,126.6,
Llama2-13B,4_step_down,static,720,6.0,0,0,0,0,0,0.0,0.0,0,0.946,28.58,0.0,0,18.0,18.0,1,63.3,126.6,
Llama2-13B,5_slow_ramp,hysteresis,720,6.0,4,4,0,0,211,0.0236,0.0007,0,1.52,22.96,515024.6,52,2.0,22.0,5,63.3,126.6,pass
Llama2-13B,5_slow_ramp,greedy,720,6.0,8,0,0,0,12,0.0,0.0,0,0.918,24.23,994539.6,98,2.0,22.0,9,63.3,126.6,
Llama2-13B,5_slow_ramp,static,720,6.0,0,0,0,0,693,0.8298,0.0,0,12.439,14.8,0.0,0,2.0,2.0,1,63.3,126.6,
Llama2-13B,7_diurnal,hysteresis,720,6.0,6,3,0,3,103,0.0141,0.006,0,1.189,19.51,1027473.8,100,2.0,18.0,5,63.3,126.6,pass
Llama2-13B,7_diurnal,greedy,720,6.0,10,0,0,0,5,0.0,0.0,0,0.889,19.22,1340055.2,128,2.0,14.0,6,63.3,126.6,
Llama2-13B,7_diurnal,static,720,6.0,0,0,0,0,299,0.1654,0.0,0,3.866,19.19,0.0,0,12.0,12.0,1,63.3,126.6,
Llama2-13B,2_brief_spike,hysteresis,720,6.0,0,0,0,0,2,0.0105,0.0,0,0.873,19.19,0.0,0,12.0,12.0,1,63.3,126.6,pass
Llama2-13B,2_brief_spike,greedy,720,6.0,2,0,0,0,1,0.0053,0.0007,0,0.778,19.22,616984.4,60,12.0,18.0,2,63.3,126.6,
Llama2-13B,2_brief_spike,static,720,6.0,0,0,0,0,2,0.0105,0.0,0,0.873,19.19,0.0,0,12.0,12.0,1,63.3,126.6,
Llama2-13B,6_flapping,hysteresis,720,6.0,0,0,0,0,360,0.4773,0.0,0,9.513,19.19,0.0,0,12.0,12.0,1,63.3,126.6,pass
Llama2-13B,6_flapping,greedy,720,6.0,179,0,0,0,90,0.1193,0.0,0,3.059,20.81,31420545.0,3222,12.0,14.0,2,63.3,126.6,
Llama2-13B,6_flapping,static,720,6.0,0,0,0,0,360,0.4773,0.0,0,9.513,19.19,0.0,0,12.0,12.0,1,63.3,126.6,
Llama2-13B,8_spill_saturation,hysteresis,720,6.0,4,2,2,0,387,0.0751,0.0561,282,2.609,23.07,621556.4,56,12.0,22.0,5,63.3,126.6,pass
Llama2-13B,8_spill_saturation,greedy,720,6.0,4,0,0,0,304,0.0654,0.0508,123,2.403,23.24,621556.4,56,12.0,22.0,5,63.3,126.6,
Llama2-13B,8_spill_saturation,static,720,6.0,0,0,0,0,534,0.4663,0.0508,123,9.811,19.19,0.0,0,12.0,12.0,1,63.3,126.6,
Llama2-13B,9_overload,hysteresis,720,6.0,3,2,0,1,121,0.0063,0.2249,485,1.085,21.8,548222.6,54,12.0,18.0,4,63.3,126.6,pass
Llama2-13B,9_overload,greedy,720,6.0,3,0,0,0,3,0.0,0.0902,0,0.946,26.01,317180.3,30,12.0,18.0,4,63.3,126.6,
Llama2-13B,9_overload,static,720,6.0,0,0,0,0,573,0.1799,0.2914,0,5.492,19.19,0.0,0,12.0,12.0,1,63.3,126.6,
Llama2-70B,1_steady,hysteresis,2880,24.0,0,0,0,0,0,0.0,0.0,0,2.143,152.75,0.0,0,9.0,9.0,1,406.8,813.5,pass
Llama2-70B,1_steady,greedy,2880,24.0,0,0,0,0,0,0.0,0.0,0,2.143,152.75,0.0,0,9.0,9.0,1,406.8,813.5,
Llama2-70B,1_steady,static,2880,24.0,0,0,0,0,0,0.0,0.0,0,2.143,152.75,0.0,0,9.0,9.0,1,406.8,813.5,
Llama2-70B,3_step_up,hysteresis,2880,24.0,0,0,0,0,0,0.0,0.0,0,2.143,152.75,0.0,0,9.0,9.0,1,406.8,813.5,pass
Llama2-70B,3_step_up,greedy,2880,24.0,0,0,0,0,0,0.0,0.0,0,2.143,152.75,0.0,0,9.0,9.0,1,406.8,813.5,
Llama2-70B,3_step_up,static,2880,24.0,0,0,0,0,0,0.0,0.0,0,2.143,152.75,0.0,0,9.0,9.0,1,406.8,813.5,
Llama2-70B,4_step_down,hysteresis,2880,24.0,0,0,0,0,0,0.0,0.0,0,2.143,152.75,0.0,0,9.0,9.0,1,406.8,813.5,pass
Llama2-70B,4_step_down,greedy,2880,24.0,0,0,0,0,0,0.0,0.0,0,2.143,152.75,0.0,0,9.0,9.0,1,406.8,813.5,
Llama2-70B,4_step_down,static,2880,24.0,0,0,0,0,0,0.0,0.0,0,2.143,152.75,0.0,0,9.0,9.0,1,406.8,813.5,
Llama2-70B,5_slow_ramp,hysteresis,2880,24.0,0,0,0,0,860,0.0798,0.0,589,14.157,152.75,0.0,0,9.0,9.0,1,406.8,813.5,pass
Llama2-70B,5_slow_ramp,greedy,2880,24.0,3,0,0,0,661,0.047,0.0,0,12.423,172.59,849316.1,66,9.0,16.0,4,406.8,813.5,
Llama2-70B,5_slow_ramp,static,2880,24.0,0,0,0,0,860,0.0798,0.0,0,14.157,152.75,0.0,0,9.0,9.0,1,406.8,813.5,
Llama2-70B,7_diurnal,hysteresis,2880,24.0,0,0,0,0,0,0.0,0.0,0,2.143,152.75,0.0,0,9.0,9.0,1,406.8,813.5,pass
Llama2-70B,7_diurnal,greedy,2880,24.0,0,0,0,0,0,0.0,0.0,0,2.143,152.75,0.0,0,9.0,9.0,1,406.8,813.5,
Llama2-70B,7_diurnal,static,2880,24.0,0,0,0,0,0,0.0,0.0,0,2.143,152.75,0.0,0,9.0,9.0,1,406.8,813.5,
Llama2-70B,2_brief_spike,hysteresis,2880,24.0,0,0,0,0,0,0.0,0.0,0,2.143,152.75,0.0,0,9.0,9.0,1,406.8,813.5,pass
Llama2-70B,2_brief_spike,greedy,2880,24.0,0,0,0,0,0,0.0,0.0,0,2.143,152.75,0.0,0,9.0,9.0,1,406.8,813.5,
Llama2-70B,2_brief_spike,static,2880,24.0,0,0,0,0,0,0.0,0.0,0,2.143,152.75,0.0,0,9.0,9.0,1,406.8,813.5,
Llama2-70B,6_flapping,hysteresis,2880,24.0,0,0,0,0,0,0.0,0.0,0,2.143,152.75,0.0,0,9.0,9.0,1,406.8,813.5,pass
Llama2-70B,6_flapping,greedy,2880,24.0,0,0,0,0,0,0.0,0.0,0,2.143,152.75,0.0,0,9.0,9.0,1,406.8,813.5,
Llama2-70B,6_flapping,static,2880,24.0,0,0,0,0,0,0.0,0.0,0,2.143,152.75,0.0,0,9.0,9.0,1,406.8,813.5,
Llama2-70B,8_spill_saturation,hysteresis,2880,24.0,0,0,0,0,2551,0.6643,0.0,2458,102.188,152.75,0.0,0,9.0,9.0,1,406.8,813.5,pass
Llama2-70B,8_spill_saturation,greedy,2880,24.0,1,0,0,0,2536,0.656,0.0,0,110.36,165.5,298519.3,21,9.0,12.0,2,406.8,813.5,
Llama2-70B,8_spill_saturation,static,2880,24.0,0,0,0,0,2551,0.6643,0.0,0,102.188,152.75,0.0,0,9.0,9.0,1,406.8,813.5,
Llama2-70B,9_overload,hysteresis,2880,24.0,0,0,0,0,0,0.0,1.0,2880,,,0.0,0,,,0,406.8,813.5,pass
Llama2-70B,9_overload,greedy,2880,24.0,0,0,0,0,0,0.0,1.0,2880,,,0.0,0,,,0,406.8,813.5,
Llama2-70B,9_overload,static,2880,24.0,0,0,0,0,0,0.0,1.0,2880,,,0.0,0,,,0,406.8,813.5,
