Model,N_L,N_T,n_instances,TP_per_instance,Tput_L,TTFT_L_s,TTFT_L_no_prefill_sampling_s,req_lat_L_s,Tput_T,Tput_T_cent,req_lat_T_packed_s,req_lat_T_cent_s,ttft_T_packed_s,system_tput,idle_T,cpb_ceil,cpb_floor,n_ceil,n_floor,hetero_T,packing_gain_pct,KV_free_per_block_MiB,KV_free_per_L_device_GiB,C_max_4096_T,C_max_mean_T,C_need_T,kv_slack_T,C_max_4096_L,C_need_L,kv_slack_L,kv_feasible,saturated,valid,invalid_reason,cap_floor,TP_sat,min_cpb,prompt_fraction
Llama2-7B,0,31,0,0,0.0,,,,6239.1,6239.1,6.299,10.832,0.772,6239.1,15,16,32,1,30,True,42.3,7806.0,,122.0,236.5,32,3.812,,,,True,False,True,,1,8,5,0.125
Llama2-7B,1,31,1,1,335.4,0.782,0.734,6.297,6239.1,6239.1,6.299,10.832,0.772,6574.5,15,16,32,1,30,True,42.3,7806.0,3.45,122.0,236.5,32,3.812,1.7,1.0,1.725,True,False,True,,1,8,5,0.125
Llama2-7B,2,30,2,1,670.8,0.782,0.734,6.297,6239.1,6239.1,6.602,10.832,0.807,6909.9,14,16,32,2,28,True,39.5,7806.0,3.45,122.0,236.5,32,3.812,3.4,2.0,1.725,True,False,True,,1,8,5,0.125
Llama2-7B,2,30,1,2,451.1,0.562,0.514,4.681,6239.1,6239.1,6.602,10.832,0.807,6690.3,14,16,32,2,28,True,39.5,7806.0,9.72,122.0,236.5,32,3.812,9.7,1.0,9.725,True,False,True,,1,8,5,0.125
Llama2-7B,3,29,3,1,1006.2,0.782,0.734,6.297,6239.1,6239.1,6.904,10.832,0.842,7245.3,13,16,32,3,26,True,36.7,7806.0,3.45,122.0,236.5,32,3.812,5.2,3.0,1.725,True,False,True,,1,8,5,0.125
Llama2-7B,3,29,1,3,494.9,0.507,0.459,4.267,6239.1,6239.1,6.904,10.832,0.842,6734.1,13,16,32,3,26,True,36.7,7806.0,11.82,122.0,236.5,32,3.812,17.7,1.0,17.725,True,False,True,,1,8,5,0.125
Llama2-7B,4,28,4,1,1341.6,0.782,0.734,6.297,6239.1,6239.1,7.206,10.832,0.877,7580.7,12,16,32,4,24,True,33.9,7806.0,3.45,122.0,236.5,32,3.812,6.9,4.0,1.725,True,False,True,,1,8,5,0.125
Llama2-7B,4,28,2,2,902.3,0.562,0.514,4.681,6239.1,6239.1,7.206,10.832,0.877,7141.4,12,16,32,4,24,True,33.9,7806.0,9.72,122.0,236.5,32,3.812,19.4,2.0,9.725,True,False,True,,1,8,5,0.125
Llama2-7B,4,28,1,4,539.6,0.458,0.41,3.914,6239.1,6239.1,7.206,10.832,0.877,6778.7,12,16,32,4,24,True,33.9,7806.0,12.86,122.0,236.5,32,3.812,25.7,1.0,25.725,True,False,True,,1,8,5,0.125
Llama2-7B,5,27,5,1,1677.0,0.782,0.734,6.297,6239.1,6239.1,7.508,10.832,0.912,7916.1,11,16,32,5,22,True,31.1,7806.0,3.45,122.0,236.5,32,3.812,8.6,5.0,1.725,True,False,True,,1,8,5,0.125
Llama2-7B,5,27,1,5,548.1,0.45,0.402,3.853,6239.1,6239.1,7.508,10.832,0.912,6787.3,11,16,32,5,22,True,31.1,7806.0,13.49,122.0,236.5,32,3.812,33.7,1.0,33.725,True,False,True,,1,8,5,0.125
Llama2-7B,6,26,6,1,2012.4,0.782,0.734,6.297,6239.1,6239.1,7.81,10.832,0.947,8251.5,10,16,32,6,20,True,28.2,7806.0,3.45,122.0,236.5,32,3.812,10.3,6.0,1.725,True,False,True,,1,8,5,0.125
Llama2-7B,6,26,3,2,1353.4,0.562,0.514,4.681,6239.1,6239.1,7.81,10.832,0.947,7592.6,10,16,32,6,20,True,28.2,7806.0,9.72,122.0,236.5,32,3.812,29.2,3.0,9.725,True,False,True,,1,8,5,0.125
Llama2-7B,6,26,2,3,989.9,0.507,0.459,4.267,6239.1,6239.1,7.81,10.832,0.947,7229.0,10,16,32,6,20,True,28.2,7806.0,11.82,122.0,236.5,32,3.812,35.4,2.0,17.725,True,False,True,,1,8,5,0.125
Llama2-7B,6,26,1,6,555.1,0.445,0.397,3.805,6239.1,6239.1,7.81,10.832,0.947,6794.2,10,16,32,6,20,True,28.2,7806.0,13.91,122.0,236.5,32,3.812,41.7,1.0,41.725,True,False,True,,1,8,5,0.125
Llama2-7B,7,25,7,1,2347.8,0.782,0.734,6.297,6239.1,6239.1,8.113,10.832,0.982,8586.9,9,16,32,7,18,True,25.4,7806.0,3.45,122.0,236.5,32,3.812,12.1,7.0,1.725,True,False,True,,1,8,5,0.125
Llama2-7B,7,25,1,7,554.5,0.446,0.398,3.809,6239.1,6239.1,8.113,10.832,0.982,6793.6,9,16,32,7,18,True,25.4,7806.0,14.21,122.0,236.5,32,3.812,49.7,1.0,49.725,True,False,True,,1,8,5,0.125
Llama2-7B,8,24,8,1,2683.2,0.782,0.734,6.297,6239.1,6239.1,8.415,10.832,1.017,8922.3,8,16,32,8,16,True,22.6,7806.0,3.45,122.0,236.5,32,3.812,13.8,8.0,1.725,True,False,True,,1,8,5,0.125
Llama2-7B,8,24,4,2,1804.6,0.562,0.514,4.681,6239.1,6239.1,8.415,10.832,1.017,8043.7,8,16,32,8,16,True,22.6,7806.0,9.72,122.0,236.5,32,3.812,38.9,4.0,9.725,True,False,True,,1,8,5,0.125
Llama2-7B,8,24,2,4,1079.2,0.458,0.41,3.914,6239.1,6239.1,8.415,10.832,1.017,7318.3,8,16,32,8,16,True,22.6,7806.0,12.86,122.0,236.5,32,3.812,51.4,2.0,25.725,True,False,True,,1,8,5,0.125
Llama2-7B,8,24,1,8,598.9,0.404,0.356,3.527,6239.1,6239.1,8.415,10.832,1.017,6838.0,8,16,32,8,16,True,22.6,7806.0,14.43,122.0,236.5,32,3.812,57.7,1.0,57.725,True,False,True,,1,8,5,0.125
Llama2-7B,9,23,9,1,3018.6,0.782,0.734,6.297,6239.1,6239.1,8.717,10.832,1.052,9257.7,7,16,32,9,14,True,19.8,7806.0,3.45,122.0,236.5,32,3.812,15.5,9.0,1.725,True,False,True,,1,8,5,0.125
Llama2-7B,9,23,3,3,1484.8,0.507,0.459,4.267,6239.1,6239.1,8.717,10.832,1.052,7724.0,7,16,32,9,14,True,19.8,7806.0,11.82,122.0,236.5,32,3.812,53.2,3.0,17.725,True,False,True,,1,8,5,0.125
Llama2-7B,9,23,1,9,600.9,0.402,0.354,3.515,6239.1,6239.1,8.717,10.832,1.052,6840.1,7,16,32,9,14,True,19.8,7806.0,14.61,122.0,236.5,32,3.812,65.7,1.0,65.725,True,True,True,,1,8,5,0.125
Llama2-7B,10,22,10,1,3354.0,0.782,0.734,6.297,6239.1,6239.1,9.019,10.832,1.087,9593.1,6,16,32,10,12,True,16.9,7806.0,3.45,122.0,236.5,32,3.812,17.2,10.0,1.725,True,False,True,,1,8,5,0.125
Llama2-7B,10,22,5,2,2255.7,0.562,0.514,4.681,6239.1,6239.1,9.019,10.832,1.087,8494.9,6,16,32,10,12,True,16.9,7806.0,9.72,122.0,236.5,32,3.812,48.6,5.0,9.725,True,False,True,,1,8,5,0.125
Llama2-7B,10,22,2,5,1096.2,0.45,0.402,3.853,6239.1,6239.1,9.019,10.832,1.087,7335.4,6,16,32,10,12,True,16.9,7806.0,13.49,122.0,236.5,32,3.812,67.4,2.0,33.725,True,False,True,,1,8,5,0.125
Llama2-7B,10,22,1,10,596.0,0.406,0.358,3.544,6239.1,6239.1,9.019,10.832,1.087,6835.1,6,16,32,10,12,True,16.9,7806.0,14.74,122.0,236.5,32,3.812,73.7,1.0,73.725,True,True,True,,1,8,5,0.125
Llama2-7B,11,21,11,1,3689.4,0.782,0.734,6.297,6239.1,6239.1,9.321,10.832,1.122,9928.5,5,16,32,11,10,True,14.1,7806.0,3.45,122.0,236.5,32,3.812,19.0,11.0,1.725,True,False,True,,1,8,5,0.125
Llama2-7B,11,21,1,11,611.3,0.393,0.345,3.455,6239.1,6239.1,9.321,10.832,1.122,6850.4,5,16,32,11,10,True,14.1,7806.0,14.86,122.0,236.5,32,3.812,81.7,1.0,81.725,True,True,True,,1,8,5,0.125
Llama2-7B,12,20,12,1,4024.8,0.782,0.734,6.297,6239.1,6239.1,9.624,10.832,1.157,10263.9,4,16,32,12,8,True,11.3,7806.0,3.45,122.0,236.5,32,3.812,20.7,12.0,1.725,True,False,True,,1,8,5,0.125
Llama2-7B,12,20,6,2,2706.9,0.562,0.514,4.681,6239.1,6239.1,9.624,10.832,1.157,8946.0,4,16,32,12,8,True,11.3,7806.0,9.72,122.0,236.5,32,3.812,58.3,6.0,9.725,True,False,True,,1,8,5,0.125
Llama2-7B,12,20,4,3,1979.8,0.507,0.459,4.267,6239.1,6239.1,9.624,10.832,1.157,8218.9,4,16,32,12,8,True,11.3,7806.0,11.82,122.0,236.5,32,3.812,70.9,4.0,17.725,True,False,True,,1,8,5,0.125
Llama2-7B,12,20,3,4,1618.8,0.458,0.41,3.914,6239.1,6239.1,9.624,10.832,1.157,7857.9,4,16,32,12,8,True,11.3,7806.0,12.86,122.0,236.5,32,3.812,77.2,3.0,25.725,True,False,True,,1,8,5,0.125
Llama2-7B,12,20,2,6,1110.1,0.445,0.397,3.805,6239.1,6239.1,9.624,10.832,1.157,7349.3,4,16,32,12,8,True,11.3,7806.0,13.91,122.0,236.5,32,3.812,83.4,2.0,41.725,True,False,True,,1,8,5,0.125
Llama2-7B,12,20,1,12,607.8,0.396,0.348,3.475,6239.1,6239.1,9.624,10.832,1.157,6846.9,4,16,32,12,8,True,11.3,7806.0,14.95,122.0,236.5,32,3.812,89.7,1.0,89.725,True,True,True,,1,8,5,0.125
Llama2-7B,13,19,13,1,4360.2,0.782,0.734,6.297,6239.1,6239.1,9.926,10.832,1.192,10599.3,3,16,32,13,6,True,8.5,7806.0,3.45,122.0,236.5,32,3.812,22.4,13.0,1.725,True,False,True,,1,8,5,0.125
Llama2-7B,13,19,1,13,604.8,0.398,0.35,3.492,6239.1,6239.1,9.926,10.832,1.192,6843.9,3,16,32,13,6,True,8.5,7806.0,15.03,122.0,236.5,32,3.812,97.7,1.0,97.725,True,True,True,,1,8,5,0.125
Llama2-7B,14,18,14,1,4695.6,0.782,0.734,6.297,6239.1,6239.1,10.228,10.832,1.227,10934.7,2,16,32,14,4,True,5.6,7806.0,3.45,122.0,236.5,32,3.812,24.1,14.0,1.725,True,False,True,,1,8,5,0.125
Llama2-7B,14,18,7,2,3158.0,0.562,0.514,4.681,6239.1,6239.1,10.228,10.832,1.227,9397.2,2,16,32,14,4,True,5.6,7806.0,9.72,122.0,236.5,32,3.812,68.1,7.0,9.725,True,False,True,,1,8,5,0.125
Llama2-7B,14,18,2,7,1108.9,0.446,0.398,3.809,6239.1,6239.1,10.228,10.832,1.227,7348.1,2,16,32,14,4,True,5.6,7806.0,14.21,122.0,236.5,32,3.812,99.4,2.0,49.725,True,False,True,,1,8,5,0.125
Llama2-7B,14,18,1,14,599.8,0.403,0.355,3.521,6239.1,6239.1,10.228,10.832,1.227,6838.9,2,16,32,14,4,True,5.6,7806.0,15.1,122.0,236.5,32,3.812,105.7,1.0,105.725,True,True,True,,1,8,5,0.125
Llama2-7B,15,17,15,1,5031.0,0.782,0.734,6.297,6239.1,6239.1,10.53,10.832,1.262,11270.1,1,16,32,15,2,True,2.8,7806.0,3.45,122.0,236.5,32,3.812,25.9,15.0,1.725,True,False,True,,1,8,5,0.125
Llama2-7B,15,17,5,3,2474.7,0.507,0.459,4.267,6239.1,6239.1,10.53,10.832,1.262,8713.8,1,16,32,15,2,True,2.8,7806.0,11.82,122.0,236.5,32,3.812,88.6,5.0,17.725,True,False,True,,1,8,5,0.125
Llama2-7B,15,17,3,5,1644.4,0.45,0.402,3.853,6239.1,6239.1,10.53,10.832,1.262,7883.5,1,16,32,15,2,True,2.8,7806.0,13.49,122.0,236.5,32,3.812,101.2,3.0,33.725,True,False,True,,1,8,5,0.125
Llama2-7B,15,17,1,15,609.3,0.394,0.346,3.466,6239.1,6239.1,10.53,10.832,1.262,6848.5,1,16,32,15,2,True,2.8,7806.0,15.16,122.0,236.5,32,3.812,113.7,1.0,113.725,True,True,True,,1,8,5,0.125
Llama2-7B,16,16,16,1,5366.4,0.782,0.734,6.297,6239.1,6239.1,10.832,10.832,1.297,11605.5,0,16,16,16,0,False,0.0,7806.0,3.45,122.0,236.5,32,3.812,27.6,16.0,1.725,True,False,True,,1,8,5,0.125
Llama2-7B,16,16,8,2,3609.2,0.562,0.514,4.681,6239.1,6239.1,10.832,10.832,1.297,9848.3,0,16,16,16,0,False,0.0,7806.0,9.72,122.0,236.5,32,3.812,77.8,8.0,9.725,True,False,True,,1,8,5,0.125
Llama2-7B,16,16,4,4,2158.3,0.458,0.41,3.914,6239.1,6239.1,10.832,10.832,1.297,8397.5,0,16,16,16,0,False,0.0,7806.0,12.86,122.0,236.5,32,3.812,102.9,4.0,25.725,True,False,True,,1,8,5,0.125
Llama2-7B,16,16,2,8,1197.7,0.404,0.356,3.527,6239.1,6239.1,10.832,10.832,1.297,7436.9,0,16,16,16,0,False,0.0,7806.0,14.43,122.0,236.5,32,3.812,115.4,2.0,57.725,True,False,True,,1,8,5,0.125
Llama2-7B,16,16,1,16,605.5,0.398,0.35,3.488,6239.1,6239.1,10.832,10.832,1.297,6844.6,0,16,16,16,0,False,0.0,7806.0,15.22,122.0,236.5,32,3.812,121.7,1.0,121.725,True,True,True,,1,8,5,0.125
Llama2-7B,17,15,17,1,5701.8,0.782,0.734,6.297,3991.7,3991.7,12.099,16.931,1.453,9693.5,4,10,16,2,13,True,28.6,4734.0,3.45,74.0,143.5,32,2.312,29.3,17.0,1.725,True,False,True,,1,8,5,0.125
Llama2-7B,17,15,1,17,604.2,0.399,0.351,3.495,3991.7,3991.7,12.099,16.931,1.453,4595.9,4,10,16,2,13,True,28.6,4734.0,15.26,74.0,143.5,32,2.312,129.7,1.0,129.725,True,True,True,,1,8,5,0.125
Llama2-7B,18,14,18,1,6037.2,0.782,0.734,6.297,3991.7,3991.7,13.214,16.931,1.585,10028.9,3,10,16,4,10,True,22.0,4734.0,3.45,74.0,143.5,32,2.312,31.0,18.0,1.725,True,False,True,,1,8,5,0.125
Llama2-7B,18,14,9,2,4060.3,0.562,0.514,4.681,3991.7,3991.7,13.214,16.931,1.585,8052.0,3,10,16,4,10,True,22.0,4734.0,9.72,74.0,143.5,32,2.312,87.5,9.0,9.725,True,False,True,,1,8,5,0.125
Llama2-7B,18,14,6,3,2969.7,0.507,0.459,4.267,3991.7,3991.7,13.214,16.931,1.585,6961.4,3,10,16,4,10,True,22.0,4734.0,11.82,74.0,143.5,32,2.312,106.3,6.0,17.725,True,False,True,,1,8,5,0.125
Llama2-7B,18,14,3,6,1665.2,0.445,0.397,3.805,3991.7,3991.7,13.214,16.931,1.585,5656.9,3,10,16,4,10,True,22.0,4734.0,13.91,74.0,143.5,32,2.312,125.2,3.0,41.725,True,False,True,,1,8,5,0.125
Llama2-7B,18,14,2,9,1201.8,0.402,0.354,3.515,3991.7,3991.7,13.214,16.931,1.585,5193.5,3,10,16,4,10,True,22.0,4734.0,14.61,74.0,143.5,32,2.312,131.4,2.0,65.725,True,True,True,,1,8,5,0.125
Llama2-7B,18,14,1,18,600.4,0.402,0.354,3.517,3991.7,3991.7,13.214,16.931,1.585,4592.1,3,10,16,4,10,True,22.0,4734.0,15.3,74.0,143.5,32,2.312,137.7,1.0,137.725,True,True,True,,1,8,5,0.125
Llama2-7B,19,13,19,1,6372.6,0.782,0.734,6.297,3991.7,3991.7,14.329,16.931,1.718,10364.3,2,10,16,6,7,True,15.4,4734.0,3.45,74.0,143.5,32,2.312,32.8,19.0,1.725,True,False,True,,1,8,5,0.125
Llama2-7B,19,13,1,19,596.7,0.406,0.358,3.54,3991.7,3991.7,14.329,16.931,1.718,4588.4,2,10,16,6,7,True,15.4,4734.0,15.34,74.0,143.5,32,2.312,145.7,1.0,145.725,True,True,True,,1,8,5,0.125
Llama2-7B,20,12,20,1,6708.0,0.782,0.734,6.297,3991.7,3991.7,15.444,16.931,1.851,10699.7,1,10,16,8,4,True,8.8,4734.0,3.45,74.0,143.5,32,2.312,34.5,20.0,1.725,True,False,True,,1,8,5,0.125
Llama2-7B,20,12,10,2,4511.5,0.562,0.514,4.681,3991.7,3991.7,15.444,16.931,1.851,8503.2,1,10,16,8,4,True,8.8,4734.0,9.72,74.0,143.5,32,2.312,97.2,10.0,9.725,True,False,True,,1,8,5,0.125
Llama2-7B,20,12,5,4,2697.9,0.458,0.41,3.914,3991.7,3991.7,15.444,16.931,1.851,6689.6,1,10,16,8,4,True,8.8,4734.0,12.86,74.0,143.5,32,2.312,128.6,5.0,25.725,True,False,True,,1,8,5,0.125
Llama2-7B,20,12,4,5,2192.5,0.45,0.402,3.853,3991.7,3991.7,15.444,16.931,1.851,6184.2,1,10,16,8,4,True,8.8,4734.0,13.49,74.0,143.5,32,2.312,134.9,4.0,33.725,True,False,True,,1,8,5,0.125
Llama2-7B,20,12,2,10,1191.9,0.406,0.358,3.544,3991.7,3991.7,15.444,16.931,1.851,5183.6,1,10,16,8,4,True,8.8,4734.0,14.74,74.0,143.5,32,2.312,147.4,2.0,73.725,True,True,True,,1,8,5,0.125
Llama2-7B,20,12,1,20,596.2,0.406,0.358,3.543,3991.7,3991.7,15.444,16.931,1.851,4587.9,1,10,16,8,4,True,8.8,4734.0,15.37,74.0,143.5,32,2.312,153.7,1.0,153.725,True,True,True,,1,8,5,0.125
Llama2-7B,21,11,21,1,7043.4,0.782,0.734,6.297,3991.7,3991.7,16.559,16.931,1.983,11035.1,0,10,16,10,1,True,2.2,4734.0,3.45,74.0,143.5,32,2.312,36.2,21.0,1.725,True,False,True,,1,8,5,0.125
Llama2-7B,21,11,7,3,3464.6,0.507,0.459,4.267,3991.7,3991.7,16.559,16.931,1.983,7456.3,0,10,16,10,1,True,2.2,4734.0,11.82,74.0,143.5,32,2.312,124.1,7.0,17.725,True,False,True,,1,8,5,0.125
Llama2-7B,21,11,3,7,1663.4,0.446,0.398,3.809,3991.7,3991.7,16.559,16.931,1.983,5655.1,0,10,16,10,1,True,2.2,4734.0,14.21,74.0,143.5,32,2.312,149.2,3.0,49.725,True,False,True,,1,8,5,0.125
Llama2-7B,21,11,1,21,592.8,0.409,0.361,3.563,3991.7,3991.7,16.559,16.931,1.983,4584.5,0,10,16,10,1,True,2.2,4734.0,15.4,74.0,143.5,32,2.312,161.7,1.0,161.725,True,True,True,,1,8,5,0.125
Llama2-7B,22,10,22,1,7378.8,0.782,0.734,6.297,3234.5,3234.5,17.994,20.895,2.151,10613.3,2,8,10,2,8,True,14.1,3710.0,3.45,58.0,112.4,32,1.812,37.9,22.0,1.725,True,False,True,,1,8,5,0.125
Llama2-7B,22,10,11,2,4962.6,0.562,0.514,4.681,3234.5,3234.5,17.994,20.895,2.151,8197.1,2,8,10,2,8,True,14.1,3710.0,9.72,58.0,112.4,32,1.812,107.0,11.0,9.725,True,False,True,,1,8,5,0.125
Llama2-7B,22,10,2,11,1222.6,0.393,0.345,3.455,3234.5,3234.5,17.994,20.895,2.151,4457.1,2,8,10,2,8,True,14.1,3710.0,14.86,58.0,112.4,32,1.812,163.4,2.0,81.725,True,True,True,,1,8,5,0.125
Llama2-7B,22,10,1,22,618.7,0.386,0.338,3.413,3234.5,3234.5,17.994,20.895,2.151,3853.2,2,8,10,2,8,True,14.1,3710.0,15.43,58.0,112.4,32,1.812,169.7,1.0,169.725,True,True,True,,1,8,5,0.125
Llama2-7B,23,9,23,1,7714.2,0.782,0.734,6.297,3234.5,3234.5,19.444,20.895,2.315,10948.7,1,8,10,5,4,True,7.1,3710.0,3.45,58.0,112.4,32,1.812,39.7,23.0,1.725,True,False,True,,1,8,5,0.125
Llama2-7B,23,9,1,23,619.8,0.386,0.338,3.407,3234.5,3234.5,19.444,20.895,2.315,3854.3,1,8,10,5,4,True,7.1,3710.0,15.45,58.0,112.4,32,1.812,177.7,1.0,177.725,True,True,True,,1,8,5,0.125
Llama2-7B,24,8,24,1,8049.6,0.782,0.734,6.297,3234.5,3234.5,20.895,20.895,2.478,11284.1,0,8,8,8,0,False,0.0,3710.0,3.45,58.0,112.4,32,1.812,41.4,24.0,1.725,True,False,True,,1,8,5,0.125
Llama2-7B,24,8,12,2,5413.8,0.562,0.514,4.681,3234.5,3234.5,20.895,20.895,2.478,8648.3,0,8,8,8,0,False,0.0,3710.0,9.72,58.0,112.4,32,1.812,116.7,12.0,9.725,True,False,True,,1,8,5,0.125
Llama2-7B,24,8,8,3,3959.5,0.507,0.459,4.267,3234.5,3234.5,20.895,20.895,2.478,7194.1,0,8,8,8,0,False,0.0,3710.0,11.82,58.0,112.4,32,1.812,141.8,8.0,17.725,True,False,True,,1,8,5,0.125
Llama2-7B,24,8,6,4,3237.5,0.458,0.41,3.914,3234.5,3234.5,20.895,20.895,2.478,6472.0,0,8,8,8,0,False,0.0,3710.0,12.86,58.0,112.4,32,1.812,154.3,6.0,25.725,True,False,True,,1,8,5,0.125
Llama2-7B,24,8,4,6,2220.3,0.445,0.397,3.805,3234.5,3234.5,20.895,20.895,2.478,5454.8,0,8,8,8,0,False,0.0,3710.0,13.91,58.0,112.4,32,1.812,166.9,4.0,41.725,True,False,True,,1,8,5,0.125
Llama2-7B,24,8,3,8,1796.6,0.404,0.356,3.527,3234.5,3234.5,20.895,20.895,2.478,5031.1,0,8,8,8,0,False,0.0,3710.0,14.43,58.0,112.4,32,1.812,173.2,3.0,57.725,True,False,True,,1,8,5,0.125
Llama2-7B,24,8,2,12,1215.5,0.396,0.348,3.475,3234.5,3234.5,20.895,20.895,2.478,4450.0,0,8,8,8,0,False,0.0,3710.0,14.95,58.0,112.4,32,1.812,179.4,2.0,89.725,True,True,True,,1,8,5,0.125
Llama2-7B,24,8,1,24,617.1,0.388,0.34,3.423,3234.5,3234.5,20.895,20.895,2.478,3851.6,0,8,8,8,0,False,0.0,3710.0,15.48,58.0,112.4,32,1.812,185.7,1.0,185.725,True,True,True,,1,8,5,0.125
Llama2-7B,25,7,25,1,8385.0,0.782,0.734,6.297,2453.6,2453.6,25.115,27.545,2.993,10838.6,0,6,8,4,3,True,8.8,2686.0,3.45,42.0,81.4,32,1.312,43.1,25.0,1.725,True,False,True,,1,8,5,0.125
Llama2-7B,25,7,5,5,2740.6,0.45,0.402,3.853,2453.6,2453.6,25.115,27.545,2.993,5194.2,0,6,8,4,3,True,8.8,2686.0,13.49,42.0,81.4,32,1.312,168.6,5.0,33.725,True,False,True,,1,8,5,0.125
Llama2-7B,25,7,1,25,614.4,0.39,0.342,3.438,2453.6,2453.6,25.115,27.545,2.993,3068.0,0,6,8,4,3,True,8.8,2686.0,15.5,42.0,81.4,32,1.312,193.7,1.0,193.725,True,True,True,,1,8,5,0.125
Llama2-7B,26,6,26,1,8720.4,0.782,0.734,6.297,2052.2,2052.2,29.649,32.932,3.54,10772.6,0,5,6,2,4,True,10.0,2174.0,3.45,34.0,65.9,32,1.062,44.8,26.0,1.725,True,False,True,,1,8,5,0.125
Llama2-7B,26,6,13,2,5864.9,0.562,0.514,4.681,2052.2,2052.2,29.649,32.932,3.54,7917.1,0,5,6,2,4,True,10.0,2174.0,9.72,34.0,65.9,32,1.062,126.4,13.0,9.725,True,False,True,,1,8,5,0.125
Llama2-7B,26,6,2,13,1209.5,0.398,0.35,3.492,2052.2,2052.2,29.649,32.932,3.54,3261.7,0,5,6,2,4,True,10.0,2174.0,15.03,34.0,65.9,32,1.062,195.4,2.0,97.725,True,True,True,,1,8,5,0.125
Llama2-7B,26,6,1,26,611.7,0.392,0.344,3.453,2052.2,2052.2,29.649,32.932,3.54,2663.9,0,5,6,2,4,True,10.0,2174.0,15.52,34.0,65.9,32,1.062,201.7,1.0,201.725,True,True,True,,1,8,5,0.125
Llama2-13B,0,30,0,0,0.0,,,,4402.4,4402.4,14.796,19.189,1.829,4402.4,10,16,32,10,20,True,23.0,7587.0,,94.8,183.9,40,2.371,,,,True,False,True,,2,10,8,0.125
Llama2-13B,2,30,1,2,269.6,0.946,0.898,7.833,4402.4,4402.4,14.796,19.189,1.829,4672.1,10,16,32,10,20,True,23.0,7587.0,3.88,94.8,183.9,40,2.371,2.5,1.0,2.482,True,False,True,,2,10,8,0.125
Llama2-13B,3,29,1,3,302.3,0.83,0.782,6.986,4402.4,4402.4,15.235,19.189,1.883,4704.8,9,16,32,11,18,True,20.7,7587.0,7.92,94.8,183.9,40,2.371,7.6,1.0,7.602,True,False,True,,2,10,8,0.125
Llama2-13B,4,28,2,2,539.2,0.946,0.898,7.833,4402.4,4402.4,15.675,19.189,1.936,4941.7,8,16,32,12,16,True,18.4,7587.0,3.88,94.8,183.9,40,2.371,5.0,2.0,2.482,True,False,True,,2,10,8,0.125
Llama2-13B,4,28,1,4,327.2,0.755,0.707,6.455,4402.4,4402.4,15.675,19.189,1.936,4729.6,8,16,32,12,16,True,18.4,7587.0,9.94,94.8,183.9,40,2.371,12.7,1.0,12.722,True,False,True,,2,10,8,0.125
Llama2-13B,5,27,1,5,351.0,0.692,0.644,6.016,4402.4,4402.4,16.114,19.189,1.989,4753.5,7,16,32,13,14,True,16.1,7587.0,11.15,94.8,183.9,40,2.371,17.8,1.0,17.842,True,False,True,,2,10,8,0.125
Llama2-13B,6,26,3,2,808.8,0.946,0.898,7.833,4402.4,4402.4,16.553,19.189,2.043,5211.3,6,16,32,14,12,True,13.8,7587.0,3.88,94.8,183.9,40,2.371,7.4,3.0,2.482,True,False,True,,2,10,8,0.125
Llama2-13B,6,26,2,3,604.6,0.83,0.782,6.986,4402.4,4402.4,16.553,19.189,2.043,5007.1,6,16,32,14,12,True,13.8,7587.0,7.92,94.8,183.9,40,2.371,15.2,2.0,7.602,True,False,True,,2,10,8,0.125
Llama2-13B,6,26,1,6,357.4,0.678,0.63,5.91,4402.4,4402.4,16.553,19.189,2.043,4759.8,6,16,32,14,12,True,13.8,7587.0,11.96,94.8,183.9,40,2.371,23.0,1.0,22.962,True,False,True,,2,10,8,0.125
Llama2-13B,7,25,1,7,362.7,0.667,0.619,5.824,4402.4,4402.4,16.993,19.189,2.096,4765.1,5,16,32,15,10,True,11.5,7587.0,12.54,94.8,183.9,40,2.371,28.1,1.0,28.082,True,False,True,,2,10,8,0.125
Llama2-13B,8,24,4,2,1078.5,0.946,0.898,7.833,4402.4,4402.4,17.432,19.189,2.149,5480.9,4,16,32,16,8,True,9.2,7587.0,3.88,94.8,183.9,40,2.371,9.9,4.0,2.482,True,False,True,,2,10,8,0.125
Llama2-13B,8,24,2,4,654.3,0.755,0.707,6.455,4402.4,4402.4,17.432,19.189,2.149,5056.8,4,16,32,16,8,True,9.2,7587.0,9.94,94.8,183.9,40,2.371,25.4,2.0,12.722,True,False,True,,2,10,8,0.125
Llama2-13B,8,24,1,8,362.6,0.667,0.619,5.825,4402.4,4402.4,17.432,19.189,2.149,4765.0,4,16,32,16,8,True,9.2,7587.0,12.97,94.8,183.9,40,2.371,33.2,1.0,33.202,True,False,True,,2,10,8,0.125
Llama2-13B,9,23,3,3,906.9,0.83,0.782,6.986,4402.4,4402.4,17.871,19.189,2.202,5309.4,3,16,32,17,6,True,6.9,7587.0,7.92,94.8,183.9,40,2.371,22.8,3.0,7.602,True,False,True,,2,10,8,0.125
Llama2-13B,9,23,1,9,369.3,0.651,0.603,5.72,4402.4,4402.4,17.871,19.189,2.202,4771.7,3,16,32,17,6,True,6.9,7587.0,13.31,94.8,183.9,40,2.371,38.3,1.0,38.322,True,False,True,,2,10,8,0.125
Llama2-13B,10,22,5,2,1348.1,0.946,0.898,7.833,4402.4,4402.4,18.311,19.189,2.256,5750.5,2,16,32,18,4,True,4.6,7587.0,3.88,94.8,183.9,40,2.371,12.4,5.0,2.482,True,False,True,,2,10,8,0.125
Llama2-13B,10,22,2,5,702.1,0.692,0.644,6.016,4402.4,4402.4,18.311,19.189,2.256,5104.5,2,16,32,18,4,True,4.6,7587.0,11.15,94.8,183.9,40,2.371,35.7,2.0,17.842,True,False,True,,2,10,8,0.125
Llama2-13B,10,22,1,10,389.0,0.607,0.559,5.43,4402.4,4402.4,18.311,19.189,2.256,4791.4,2,16,32,18,4,True,4.6,7587.0,13.58,94.8,183.9,40,2.371,43.4,1.0,43.442,True,False,True,,2,10,8,0.125
Llama2-13B,11,21,1,11,390.4,0.604,0.556,5.409,4402.4,4402.4,18.75,19.189,2.309,4792.9,1,16,32,19,2,True,2.3,7587.0,13.8,94.8,183.9,40,2.371,48.6,1.0,48.562,True,True,True,,2,10,8,0.125
Llama2-13B,12,20,6,2,1617.7,0.946,0.898,7.833,4402.4,4402.4,19.189,19.189,2.362,6020.1,0,16,16,20,0,False,0.0,7587.0,3.88,94.8,183.9,40,2.371,14.9,6.0,2.482,True,False,True,,2,10,8,0.125
Llama2-13B,12,20,4,3,1209.3,0.83,0.782,6.986,4402.4,4402.4,19.189,19.189,2.362,5611.7,0,16,16,20,0,False,0.0,7587.0,7.92,94.8,183.9,40,2.371,30.4,4.0,7.602,True,False,True,,2,10,8,0.125
Llama2-13B,12,20,3,4,981.5,0.755,0.707,6.455,4402.4,4402.4,19.189,19.189,2.362,5383.9,0,16,16,20,0,False,0.0,7587.0,9.94,94.8,183.9,40,2.371,38.2,3.0,12.722,True,False,True,,2,10,8,0.125
Llama2-13B,12,20,2,6,714.8,0.678,0.63,5.91,4402.4,4402.4,19.189,19.189,2.362,5117.2,0,16,16,20,0,False,0.0,7587.0,11.96,94.8,183.9,40,2.371,45.9,2.0,22.962,True,False,True,,2,10,8,0.125
Llama2-13B,12,20,1,12,388.9,0.608,0.56,5.431,4402.4,4402.4,19.189,19.189,2.362,4791.3,0,16,16,20,0,False,0.0,7587.0,13.98,94.8,183.9,40,2.371,53.7,1.0,53.682,True,True,True,,2,10,8,0.125
Llama2-13B,13,19,1,13,385.7,0.615,0.567,5.476,2853.6,2853.6,20.909,29.605,2.581,3239.3,5,10,16,2,17,True,29.3,4515.0,14.14,56.4,109.5,40,1.411,58.8,1.0,58.802,True,True,True,,2,10,8,0.125
Llama2-13B,14,18,7,2,1887.3,0.946,0.898,7.833,2853.6,2853.6,22.444,29.605,2.772,4740.9,4,10,16,4,14,True,24.1,4515.0,3.88,56.4,109.5,40,1.411,17.4,7.0,2.482,True,False,True,,2,10,8,0.125
Llama2-13B,14,18,2,7,725.3,0.667,0.619,5.824,2853.6,2853.6,22.444,29.605,2.772,3578.9,4,10,16,4,14,True,24.1,4515.0,12.54,56.4,109.5,40,1.411,56.2,2.0,28.082,True,False,True,,2,10,8,0.125
Llama2-13B,14,18,1,14,396.7,0.591,0.543,5.324,2853.6,2853.6,22.444,29.605,2.772,3250.3,4,10,16,4,14,True,24.1,4515.0,14.27,56.4,109.5,40,1.411,63.9,1.0,63.922,True,True,True,,2,10,8,0.125
Llama2-13B,15,17,5,3,1511.6,0.83,0.782,6.986,2853.6,2853.6,23.978,29.605,2.963,4365.2,3,10,16,6,11,True,19.0,4515.0,7.92,56.4,109.5,40,1.411,38.0,5.0,7.602,True,False,True,,2,10,8,0.125
Llama2-13B,15,17,3,5,1053.1,0.692,0.644,6.016,2853.6,2853.6,23.978,29.605,2.963,3906.7,3,10,16,6,11,True,19.0,4515.0,11.15,56.4,109.5,40,1.411,53.5,3.0,17.842,True,False,True,,2,10,8,0.125
Llama2-13B,15,17,1,15,395.1,0.595,0.547,5.346,2853.6,2853.6,23.978,29.605,2.963,3248.7,3,10,16,6,11,True,19.0,4515.0,14.38,56.4,109.5,40,1.411,69.0,1.0,69.042,True,True,True,,2,10,8,0.125
Llama2-13B,16,16,8,2,2156.9,0.946,0.898,7.833,2853.6,2853.6,25.513,29.605,3.153,5010.5,2,10,16,8,8,True,13.8,4515.0,3.88,56.4,109.5,40,1.411,19.9,8.0,2.482,True,False,True,,2,10,8,0.125
Llama2-13B,16,16,4,4,1308.7,0.755,0.707,6.455,2853.6,2853.6,25.513,29.605,3.153,4162.3,2,10,16,8,8,True,13.8,4515.0,9.94,56.4,109.5,40,1.411,50.9,4.0,12.722,True,False,True,,2,10,8,0.125
Llama2-13B,16,16,2,8,725.1,0.667,0.619,5.825,2853.6,2853.6,25.513,29.605,3.153,3578.7,2,10,16,8,8,True,13.8,4515.0,12.97,56.4,109.5,40,1.411,66.4,2.0,33.202,True,False,True,,2,10,8,0.125
Llama2-13B,16,16,1,16,393.8,0.597,0.549,5.363,2853.6,2853.6,25.513,29.605,3.153,3247.4,2,10,16,8,8,True,13.8,4515.0,14.48,56.4,109.5,40,1.411,74.2,1.0,74.162,True,True,True,,2,10,8,0.125
Llama2-13B,17,15,1,17,391.1,0.603,0.555,5.4,2853.6,2853.6,27.047,29.605,3.344,3244.7,1,10,16,10,5,True,8.6,4515.0,14.57,56.4,109.5,40,1.411,79.3,1.0,79.282,True,True,True,,2,10,8,0.125
Llama2-13B,18,14,9,2,2426.5,0.946,0.898,7.833,2853.6,2853.6,28.582,29.605,3.535,5280.1,0,10,16,12,2,True,3.4,4515.0,3.88,56.4,109.5,40,1.411,22.3,9.0,2.482,True,False,True,,2,10,8,0.125
Llama2-13B,18,14,6,3,1813.9,0.83,0.782,6.986,2853.6,2853.6,28.582,29.605,3.535,4667.5,0,10,16,12,2,True,3.4,4515.0,7.92,56.4,109.5,40,1.411,45.6,6.0,7.602,True,False,True,,2,10,8,0.125
Llama2-13B,18,14,3,6,1072.2,0.678,0.63,5.91,2853.6,2853.6,28.582,29.605,3.535,3925.8,0,10,16,12,2,True,3.4,4515.0,11.96,56.4,109.5,40,1.411,68.9,3.0,22.962,True,False,True,,2,10,8,0.125
Llama2-13B,18,14,2,9,738.5,0.651,0.603,5.72,2853.6,2853.6,28.582,29.605,3.535,3592.1,0,10,16,12,2,True,3.4,4515.0,13.31,56.4,109.5,40,1.411,76.6,2.0,38.322,True,False,True,,2,10,8,0.125
Llama2-13B,18,14,1,18,397.9,0.589,0.541,5.308,2853.6,2853.6,28.582,29.605,3.535,3251.5,0,10,16,12,2,True,3.4,4515.0,14.65,56.4,109.5,40,1.411,84.4,1.0,84.402,True,True,True,,2,10,8,0.125
Llama2-13B,19,13,1,19,395.7,0.593,0.545,5.337,2269.2,2269.2,30.48,37.229,3.769,2664.9,3,8,10,1,12,True,18.4,3491.0,14.72,43.6,84.6,40,1.091,89.5,1.0,89.522,True,True,True,,2,10,8,0.125
Llama2-13B,20,12,10,2,2696.2,0.946,0.898,7.833,2269.2,2269.2,32.73,37.229,4.034,4965.3,2,8,10,4,8,True,12.3,3491.0,3.88,43.6,84.6,40,1.091,24.8,10.0,2.482,True,False,True,,2,10,8,0.125
Llama2-13B,20,12,5,4,1635.8,0.755,0.707,6.455,2269.2,2269.2,32.73,37.229,4.034,3905.0,2,8,10,4,8,True,12.3,3491.0,9.94,43.6,84.6,40,1.091,63.6,5.0,12.722,True,False,True,,2,10,8,0.125
Llama2-13B,20,12,4,5,1404.2,0.692,0.644,6.016,2269.2,2269.2,32.73,37.229,4.034,3673.4,2,8,10,4,8,True,12.3,3491.0,11.15,43.6,84.6,40,1.091,71.4,4.0,17.842,True,False,True,,2,10,8,0.125
Llama2-13B,20,12,2,10,778.0,0.607,0.559,5.43,2269.2,2269.2,32.73,37.229,4.034,3047.2,2,8,10,4,8,True,12.3,3491.0,13.58,43.6,84.6,40,1.091,86.9,2.0,43.442,True,False,True,,2,10,8,0.125
Llama2-13B,20,12,1,20,393.6,0.598,0.55,5.366,2269.2,2269.2,32.73,37.229,4.034,2662.8,2,8,10,4,8,True,12.3,3491.0,14.79,43.6,84.6,40,1.091,94.6,1.0,94.642,True,True,True,,2,10,8,0.125
Llama2-13B,21,11,7,3,2116.2,0.83,0.782,6.986,2269.2,2269.2,34.979,37.229,4.299,4385.4,1,8,10,7,4,True,6.1,3491.0,7.92,43.6,84.6,40,1.091,53.2,7.0,7.602,True,False,True,,2,10,8,0.125
Llama2-13B,21,11,3,7,1088.0,0.667,0.619,5.824,2269.2,2269.2,34.979,37.229,4.299,3357.2,1,8,10,7,4,True,6.1,3491.0,12.54,43.6,84.6,40,1.091,84.2,3.0,28.082,True,False,True,,2,10,8,0.125
Llama2-13B,21,11,1,21,393.4,0.598,0.55,5.368,2269.2,2269.2,34.979,37.229,4.299,2662.6,1,8,10,7,4,True,6.1,3491.0,14.85,43.6,84.6,40,1.091,99.8,1.0,99.762,True,True,True,,2,10,8,0.125
Llama2-13B,22,10,11,2,2965.8,0.946,0.898,7.833,2269.2,2269.2,37.229,37.229,4.564,5235.0,0,8,8,10,0,False,0.0,3491.0,3.88,43.6,84.6,40,1.091,27.3,11.0,2.482,True,False,True,,2,10,8,0.125
Llama2-13B,22,10,2,11,780.9,0.604,0.556,5.409,2269.2,2269.2,37.229,37.229,4.564,3050.1,0,8,8,10,0,False,0.0,3491.0,13.8,43.6,84.6,40,1.091,97.1,2.0,48.562,True,True,True,,2,10,8,0.125
Llama2-13B,22,10,1,22,391.4,0.602,0.554,5.396,2269.2,2269.2,37.229,37.229,4.564,2660.6,0,8,8,10,0,False,0.0,3491.0,14.9,43.6,84.6,40,1.091,104.9,1.0,104.882,True,True,True,,2,10,8,0.125
Llama2-70B,0,23,0,0,0.0,,,,1010.9,1010.9,152.751,167.145,20.11,1010.9,3,8,10,11,12,True,8.7,2464.0,,154.0,298.7,80,1.925,,,,True,False,True,,9,16,6,0.125
Llama2-70B,9,23,1,9,107.4,2.143,2.095,19.67,1010.9,1010.9,152.751,167.145,20.11,1118.2,3,8,10,11,12,True,8.7,2464.0,1.72,154.0,298.7,80,1.925,12.4,1.0,12.419,True,False,True,,9,16,6,0.125
Llama2-70B,10,22,1,10,109.1,2.096,2.048,19.36,1010.9,1010.9,157.549,167.145,20.727,1120.0,2,8,10,14,8,True,5.8,2464.0,3.15,154.0,298.7,80,1.925,25.2,1.0,25.219,True,False,True,,9,16,6,0.125
Llama2-70B,11,21,1,11,109.0,2.098,2.05,19.37,1010.9,1010.9,162.347,167.145,21.344,1119.9,1,8,10,17,4,True,2.9,2464.0,4.32,154.0,298.7,80,1.925,38.0,1.0,38.019,True,False,True,,9,16,6,0.125
Llama2-70B,12,20,1,12,110.3,2.063,2.015,19.14,1010.9,1010.9,167.145,167.145,21.96,1121.2,0,8,8,20,0,False,0.0,2464.0,5.29,154.0,298.7,80,1.925,50.8,1.0,50.819,True,False,True,,9,16,6,0.125
Llama2-70B,13,19,1,13,110.6,2.056,2.008,19.091,756.2,756.2,181.471,223.435,23.858,866.8,3,6,8,4,15,True,18.8,1440.0,6.12,90.0,174.5,80,1.125,63.6,1.0,63.619,True,False,True,,9,16,6,0.125
Llama2-70B,14,18,1,14,111.8,2.025,1.977,18.886,756.2,756.2,195.459,223.435,25.704,868.0,2,6,8,8,10,True,12.5,1440.0,6.82,90.0,174.5,80,1.125,76.4,1.0,76.419,True,False,True,,9,16,6,0.125
Llama2-70B,15,17,1,15,112.4,2.009,1.961,18.783,756.2,756.2,209.447,223.435,27.55,868.6,1,6,8,12,5,True,6.3,1440.0,7.43,90.0,174.5,80,1.125,89.2,1.0,89.219,True,False,True,,9,16,6,0.125
Llama2-70B,16,16,1,16,117.3,1.891,1.843,18.003,756.2,756.2,223.435,223.435,29.396,873.5,0,6,6,16,0,False,0.0,1440.0,7.97,90.0,174.5,80,1.125,102.0,1.0,102.019,True,False,True,,9,16,6,0.125
