Model,devices,cfg,N_L,N_T,k,TP,lat_TTFT_s,eff_lat_s,batch_lat_s,batch_tput,total_tput,served_total,queued,spill_frac,unmet_frac,feasible,kind,lambda,alpha
Llama2-7B,32,3xTP8/N_T8,24,8,3,8,0.404,0.404,20.89,3234.5,5031.1,5031.1,191.4,0.0,0.0,False,dda,5222.5,0.3
Llama2-7B,32,4xTP6/N_T8,24,8,4,6,0.445,0.445,20.89,3234.5,5454.8,5222.5,0.0,0.0,0.0,True,dda,5222.5,0.3
Llama2-7B,32,3xTP7/N_T11,21,11,3,7,0.446,0.446,16.56,3991.7,5655.1,5222.5,0.0,0.0,0.0,True,dda,5222.5,0.3
Llama2-7B,32,5xTP5/N_T7,25,7,5,5,0.45,0.45,25.11,2453.6,5194.2,5194.2,28.3,0.0,0.0,False,dda,5222.5,0.3
Llama2-7B,32,4xTP4/N_T16,16,16,4,4,0.458,0.458,10.83,6239.1,8397.4,5222.5,0.0,0.0,0.0,True,dda,5222.5,0.3
Llama2-7B,32,6xTP4/N_T8,24,8,6,4,0.458,0.458,20.89,3234.5,6472.0,5222.5,0.0,0.0,0.0,True,dda,5222.5,0.3
Llama2-7B,32,7xTP3/N_T11,21,11,7,3,0.507,0.507,16.56,3991.7,7456.3,5222.5,0.0,0.0,0.0,True,dda,5222.5,0.3
Llama2-7B,32,8xTP3/N_T8,24,8,8,3,0.507,0.507,20.89,3234.5,7194.0,5222.5,0.0,0.0,0.0,True,dda,5222.5,0.3
Llama2-7B,32,8xTP2/N_T16,16,16,8,2,0.562,0.562,10.83,6239.1,9848.3,5222.5,0.0,0.0,0.0,True,dda,5222.5,0.3
Llama2-7B,32,11xTP2/N_T10,22,10,11,2,0.562,0.562,17.99,3234.5,8197.1,5222.5,0.0,0.0,0.0,True,dda,5222.5,0.3
Llama2-7B,32,12xTP2/N_T8,24,8,12,2,0.562,0.562,20.89,3234.5,8648.3,5222.5,0.0,0.0,0.0,True,dda,5222.5,0.3
Llama2-7B,32,13xTP2/N_T6,26,6,13,2,0.562,0.562,29.65,2052.2,7917.1,5222.5,0.0,0.0,0.0,True,dda,5222.5,0.3
Llama2-7B,32,16xTP1/N_T16,16,16,16,1,0.782,0.782,10.83,6239.1,11605.5,5222.5,0.0,0.0,0.0,True,dda,5222.5,0.3
Llama2-7B,32,17xTP1/N_T15,17,15,17,1,0.782,0.782,12.1,3991.7,9693.5,5222.5,0.0,0.0,0.0,True,dda,5222.5,0.3
Llama2-7B,32,21xTP1/N_T11,21,11,21,1,0.782,0.782,16.56,3991.7,11035.1,5222.5,0.0,0.0,0.0,True,dda,5222.5,0.3
Llama2-7B,32,22xTP1/N_T10,22,10,22,1,0.782,0.782,17.99,3234.5,10613.3,5222.5,0.0,0.0,0.0,True,dda,5222.5,0.3
Llama2-7B,32,24xTP1/N_T8,24,8,24,1,0.782,0.782,20.89,3234.5,11284.1,5222.5,0.0,0.0,0.0,True,dda,5222.5,0.3
Llama2-7B,32,25xTP1/N_T7,25,7,25,1,0.782,0.782,25.11,2453.6,10838.6,5222.5,0.0,0.0,0.0,True,dda,5222.5,0.3
Llama2-7B,32,26xTP1/N_T6,26,6,26,1,0.782,0.782,29.65,2052.2,10772.6,5222.5,0.0,0.0,0.0,True,dda,5222.5,0.3
Llama2-7B,32,2xTP8/N_T16,16,16,2,8,0.404,2.8603,10.83,6239.1,7436.8,5222.5,0.0,0.2355,0.0,True,dda,5222.5,0.3
Llama2-7B,32,1xTP1/N_T31,1,31,1,1,0.782,5.1179,6.3,6239.1,6574.5,5222.5,0.0,0.7859,0.0,True,dda,5222.5,0.3
Llama2-13B,32,3xTP6/N_T14,18,14,3,6,0.678,0.678,28.58,2853.6,3925.8,2709.0,0.0,0.0,0.0,True,dda,2709.0,0.3
Llama2-13B,32,4xTP5/N_T12,20,12,4,5,0.692,0.692,32.73,2269.2,3673.4,2709.0,0.0,0.0,0.0,True,dda,2709.0,0.3
Llama2-13B,32,3xTP4/N_T20,12,20,3,4,0.755,0.755,19.19,4402.4,5383.9,2709.0,0.0,0.0,0.0,True,dda,2709.0,0.3
Llama2-13B,32,5xTP4/N_T12,20,12,5,4,0.755,0.755,32.73,2269.2,3905.0,2709.0,0.0,0.0,0.0,True,dda,2709.0,0.3
Llama2-13B,32,4xTP3/N_T20,12,20,4,3,0.83,0.83,19.19,4402.4,5611.7,2709.0,0.0,0.0,0.0,True,dda,2709.0,0.3
Llama2-13B,32,6xTP3/N_T14,18,14,6,3,0.83,0.83,28.58,2853.6,4667.5,2709.0,0.0,0.0,0.0,True,dda,2709.0,0.3
Llama2-13B,32,6xTP2/N_T20,12,20,6,2,0.946,0.946,19.19,4402.4,6020.1,2709.0,0.0,0.0,0.0,True,dda,2709.0,0.3
Llama2-13B,32,7xTP2/N_T18,14,18,7,2,0.946,0.946,22.44,2853.6,4740.9,2709.0,0.0,0.0,0.0,True,dda,2709.0,0.3
Llama2-13B,32,9xTP2/N_T14,18,14,9,2,0.946,0.946,28.58,2853.6,5280.1,2709.0,0.0,0.0,0.0,True,dda,2709.0,0.3
Llama2-13B,32,10xTP2/N_T12,20,12,10,2,0.946,0.946,32.73,2269.2,4965.4,2709.0,0.0,0.0,0.0,True,dda,2709.0,0.3
Llama2-13B,32,11xTP2/N_T10,22,10,11,2,0.946,0.946,37.23,2269.2,5235.0,2709.0,0.0,0.0,0.0,True,dda,2709.0,0.3
Llama2-13B,32,2xTP10/N_T12,20,12,2,10,0.607,1.9791,32.73,2269.2,3047.2,2709.0,0.0,0.0427,0.0,True,dda,2709.0,0.3
Llama2-13B,32,2xTP6/N_T20,12,20,2,6,0.678,2.9082,19.19,4402.4,5117.2,2709.0,0.0,0.1205,0.0,True,dda,2709.0,0.3
Llama2-13B,32,2xTP7/N_T18,14,18,2,7,0.667,3.0093,22.44,2853.6,3578.9,2709.0,0.0,0.1076,0.0,True,dda,2709.0,0.3
Llama2-13B,32,2xTP9/N_T14,18,14,2,9,0.651,3.2015,28.58,2853.6,3592.1,2709.0,0.0,0.0913,0.0,True,dda,2709.0,0.3
Llama2-13B,32,1xTP2/N_T30,2,30,1,2,0.946,10.2016,14.8,4402.4,4672.0,2709.0,0.0,0.6683,0.0,True,dda,2709.0,0.3
Llama2-70B,32,1xTP9/N_T23,9,23,1,9,2.143,45.886,152.75,1010.9,1118.3,504.5,0.0,0.2904,0.0,True,dda,504.5,0.3
Llama2-70B,32,1xTP12/N_T20,12,20,1,12,2.063,46.847,167.15,1010.9,1121.2,504.5,0.0,0.2713,0.0,True,dda,504.5,0.3
Llama2-70B,32,1xTP13/N_T19,13,19,1,13,2.056,50.3727,181.47,756.2,866.8,504.5,0.0,0.2693,0.0,True,dda,504.5,0.3
Llama2-70B,32,1xTP16/N_T16,16,16,1,16,1.891,51.7465,223.44,756.2,873.5,504.5,0.0,0.225,0.0,True,dda,504.5,0.3
