Model,alpha,N_L,N_T,lambda_max,Tput_L,Tput_T,TTFT_short_s,bottleneck
Llama2-7B,0.02,2,30,5912.4,418.8,5794.2,0.91,PoolT
Llama2-7B,0.03,2,30,5973.4,418.8,5794.2,0.91,PoolT
Llama2-7B,0.04,2,30,6035.6,418.8,5794.2,0.91,PoolT
Llama2-7B,0.05,2,30,6099.1,418.8,5794.2,0.91,PoolT
Llama2-7B,0.06,2,30,6164.0,418.8,5794.2,0.91,PoolT
Llama2-7B,0.07,4,28,6230.3,499.2,5794.2,0.743,PoolT
Llama2-7B,0.08,6,26,6298.0,513.0,5794.2,0.722,PoolT
Llama2-7B,0.09,12,20,6237.6,561.4,5794.2,0.644,PoolL
Llama2-7B,0.1,12,20,5613.8,561.4,5794.2,0.644,PoolL
Llama2-7B,0.11,12,20,5103.5,561.4,5794.2,0.644,PoolL
Llama2-7B,0.12,12,20,4678.2,561.4,5794.2,0.644,PoolL
Llama2-7B,0.13,12,20,4318.3,561.4,5794.2,0.644,PoolL
Llama2-7B,0.14,12,20,4009.9,561.4,5794.2,0.644,PoolL
Llama2-7B,0.15,12,20,3742.5,561.4,5794.2,0.644,PoolL
Llama2-7B,0.16,22,10,3570.3,571.3,3000.3,0.629,PoolL
Llama2-7B,0.17,22,10,3360.3,571.3,3000.3,0.629,PoolL
Llama2-7B,0.18,22,10,3173.6,571.3,3000.3,0.629,PoolL
Llama2-7B,0.19,22,10,3006.6,571.3,3000.3,0.629,PoolL
Llama2-7B,0.2,22,10,2856.3,571.3,3000.3,0.629,PoolL
Llama2-7B,0.21,22,10,2720.2,571.3,3000.3,0.629,PoolL
Llama2-7B,0.22,22,10,2596.6,571.3,3000.3,0.629,PoolL
Llama2-7B,0.23,22,10,2483.7,571.3,3000.3,0.629,PoolL
Llama2-7B,0.24,22,10,2380.2,571.3,3000.3,0.629,PoolL
Llama2-7B,0.25,22,10,2285.0,571.3,3000.3,0.629,PoolL
Llama2-7B,0.26,22,10,2197.1,571.3,3000.3,0.629,PoolL
Llama2-7B,0.27,22,10,2115.7,571.3,3000.3,0.629,PoolL
Llama2-7B,0.28,22,10,2040.2,571.3,3000.3,0.629,PoolL
Llama2-7B,0.29,22,10,1969.8,571.3,3000.3,0.629,PoolL
Llama2-7B,0.3,22,10,1904.2,571.3,3000.3,0.629,PoolL
Llama2-7B,0.31,22,10,1842.7,571.3,3000.3,0.629,PoolL
Llama2-7B,0.32,22,10,1785.2,571.3,3000.3,0.629,PoolL
Llama2-7B,0.33,22,10,1731.1,571.3,3000.3,0.629,PoolL
Llama2-7B,0.34,22,10,1680.1,571.3,3000.3,0.629,PoolL
Llama2-7B,0.35,22,10,1632.1,571.3,3000.3,0.629,PoolL
Llama2-7B,0.36,22,10,1586.8,571.3,3000.3,0.629,PoolL
Llama2-7B,0.37,22,10,1543.9,571.3,3000.3,0.629,PoolL
Llama2-7B,0.38,22,10,1503.3,571.3,3000.3,0.629,PoolL
Llama2-7B,0.39,22,10,1464.7,571.3,3000.3,0.629,PoolL
Llama2-7B,0.4,22,10,1428.1,571.3,3000.3,0.629,PoolL
Llama2-7B,0.41,22,10,1393.3,571.3,3000.3,0.629,PoolL
Llama2-7B,0.42,22,10,1360.1,571.3,3000.3,0.629,PoolL
Llama2-7B,0.43,22,10,1328.5,571.3,3000.3,0.629,PoolL
Llama2-7B,0.44,22,10,1298.3,571.3,3000.3,0.629,PoolL
Llama2-7B,0.45,22,10,1269.4,571.3,3000.3,0.629,PoolL
Llama2-7B,0.46,22,10,1241.8,571.3,3000.3,0.629,PoolL
Llama2-7B,0.47,22,10,1215.4,571.3,3000.3,0.629,PoolL
Llama2-7B,0.48,22,10,1190.1,571.3,3000.3,0.629,PoolL
Llama2-7B,0.49,22,10,1165.8,571.3,3000.3,0.629,PoolL
Llama2-7B,0.5,22,10,1142.5,571.3,3000.3,0.629,PoolL
Llama2-7B,0.51,22,10,1120.1,571.3,3000.3,0.629,PoolL
Llama2-7B,0.52,22,10,1098.6,571.3,3000.3,0.629,PoolL
Llama2-7B,0.53,22,10,1077.8,571.3,3000.3,0.629,PoolL
Llama2-7B,0.54,22,10,1057.9,571.3,3000.3,0.629,PoolL
Llama2-7B,0.55,22,10,1038.6,571.3,3000.3,0.629,PoolL
Llama2-7B,0.56,22,10,1020.1,571.3,3000.3,0.629,PoolL
Llama2-7B,0.57,22,10,1002.2,571.3,3000.3,0.629,PoolL
Llama2-7B,0.58,22,10,984.9,571.3,3000.3,0.629,PoolL
Llama2-7B,0.59,22,10,968.2,571.3,3000.3,0.629,PoolL
Llama2-7B,0.6,22,10,952.1,571.3,3000.3,0.629,PoolL
Llama2-7B,0.61,22,10,936.5,571.3,3000.3,0.629,PoolL
Llama2-7B,0.62,22,10,921.4,571.3,3000.3,0.629,PoolL
Llama2-7B,0.63,22,10,906.7,571.3,3000.3,0.629,PoolL
Llama2-7B,0.64,22,10,892.6,571.3,3000.3,0.629,PoolL
Llama2-7B,0.65,22,10,878.8,571.3,3000.3,0.629,PoolL
Llama2-7B,0.66,22,10,865.5,571.3,3000.3,0.629,PoolL
Llama2-7B,0.67,22,10,852.6,571.3,3000.3,0.629,PoolL
Llama2-7B,0.68,22,10,840.1,571.3,3000.3,0.629,PoolL
Llama2-7B,0.69,22,10,827.9,571.3,3000.3,0.629,PoolL
Llama2-7B,0.7,22,10,816.1,571.3,3000.3,0.629,PoolL
Llama2-7B,0.71,22,10,804.6,571.3,3000.3,0.629,PoolL
Llama2-7B,0.72,22,10,793.4,571.3,3000.3,0.629,PoolL
Llama2-7B,0.73,22,10,782.5,571.3,3000.3,0.629,PoolL
Llama2-7B,0.74,22,10,772.0,571.3,3000.3,0.629,PoolL
Llama2-7B,0.75,22,10,761.7,571.3,3000.3,0.629,PoolL
Llama2-7B,0.76,22,10,751.6,571.3,3000.3,0.629,PoolL
Llama2-7B,0.77,22,10,741.9,571.3,3000.3,0.629,PoolL
Llama2-7B,0.78,22,10,732.4,571.3,3000.3,0.629,PoolL
Llama2-7B,0.79,22,10,723.1,571.3,3000.3,0.629,PoolL
Llama2-7B,0.8,22,10,714.1,571.3,3000.3,0.629,PoolL
Llama2-7B,0.81,22,10,705.2,571.3,3000.3,0.629,PoolL
Llama2-7B,0.82,22,10,696.6,571.3,3000.3,0.629,PoolL
Llama2-7B,0.83,22,10,688.3,571.3,3000.3,0.629,PoolL
Llama2-7B,0.84,22,10,680.1,571.3,3000.3,0.629,PoolL
Llama2-7B,0.85,22,10,672.1,571.3,3000.3,0.629,PoolL
Llama2-7B,0.86,22,10,664.2,571.3,3000.3,0.629,PoolL
Llama2-7B,0.87,22,10,656.6,571.3,3000.3,0.629,PoolL
Llama2-7B,0.88,22,10,649.1,571.3,3000.3,0.629,PoolL
Llama2-7B,0.89,22,10,641.9,571.3,3000.3,0.629,PoolL
Llama2-7B,0.9,22,10,634.7,571.3,3000.3,0.629,PoolL
Llama2-7B,0.91,22,10,627.7,571.3,3000.3,0.629,PoolL
Llama2-7B,0.92,22,10,620.9,571.3,3000.3,0.629,PoolL
Llama2-7B,0.93,22,10,614.2,571.3,3000.3,0.629,PoolL
Llama2-7B,0.94,22,10,607.7,571.3,3000.3,0.629,PoolL
Llama2-7B,0.95,22,10,601.3,571.3,3000.3,0.629,PoolL
Llama2-7B,0.96,22,10,595.1,571.3,3000.3,0.629,PoolL
Llama2-7B,0.97,22,10,588.9,571.3,3000.3,0.629,PoolL
Llama2-7B,0.98,22,10,582.9,571.3,3000.3,0.629,PoolL
Llama2-13B,0.02,2,30,4189.2,250.4,4105.4,1.53,PoolT
Llama2-13B,0.03,2,30,4232.4,250.4,4105.4,1.53,PoolT
Llama2-13B,0.04,2,30,4276.5,250.4,4105.4,1.53,PoolT
Llama2-13B,0.05,2,30,4321.5,250.4,4105.4,1.53,PoolT
Llama2-13B,0.06,4,28,4367.5,302.7,4105.4,1.226,PoolT
Llama2-13B,0.07,6,26,4414.5,329.7,4105.4,1.102,PoolT
Llama2-13B,0.08,10,22,4462.4,358.8,4105.4,0.989,PoolT
Llama2-13B,0.09,10,22,3986.6,358.8,4105.4,0.989,PoolL
Llama2-13B,0.1,10,22,3587.9,358.8,4105.4,0.989,PoolL
Llama2-13B,0.11,10,22,3261.7,358.8,4105.4,0.989,PoolL
Llama2-13B,0.12,14,18,3026.8,365.7,2663.6,0.963,PoolT
Llama2-13B,0.13,18,14,2821.9,366.8,2663.6,0.959,PoolL
Llama2-13B,0.14,18,14,2620.3,366.8,2663.6,0.959,PoolL
Llama2-13B,0.15,18,14,2445.6,366.8,2663.6,0.959,PoolL
Llama2-13B,0.16,18,14,2292.8,366.8,2663.6,0.959,PoolL
Llama2-13B,0.17,18,14,2157.9,366.8,2663.6,0.959,PoolL
Llama2-13B,0.18,18,14,2038.0,366.8,2663.6,0.959,PoolL
Llama2-13B,0.19,18,14,1930.7,366.8,2663.6,0.959,PoolL
Llama2-13B,0.2,18,14,1834.2,366.8,2663.6,0.959,PoolL
Llama2-13B,0.21,18,14,1746.9,366.8,2663.6,0.959,PoolL
Llama2-13B,0.22,18,14,1667.5,366.8,2663.6,0.959,PoolL
Llama2-13B,0.23,18,14,1595.0,366.8,2663.6,0.959,PoolL
Llama2-13B,0.24,18,14,1528.5,366.8,2663.6,0.959,PoolL
Llama2-13B,0.25,18,14,1467.4,366.8,2663.6,0.959,PoolL
Llama2-13B,0.26,18,14,1410.9,366.8,2663.6,0.959,PoolL
Llama2-13B,0.27,18,14,1358.7,366.8,2663.6,0.959,PoolL
Llama2-13B,0.28,18,14,1310.1,366.8,2663.6,0.959,PoolL
Llama2-13B,0.29,18,14,1265.0,366.8,2663.6,0.959,PoolL
Llama2-13B,0.3,18,14,1222.8,366.8,2663.6,0.959,PoolL
Llama2-13B,0.31,18,14,1183.4,366.8,2663.6,0.959,PoolL
Llama2-13B,0.32,18,14,1146.4,366.8,2663.6,0.959,PoolL
Llama2-13B,0.33,18,14,1111.6,366.8,2663.6,0.959,PoolL
Llama2-13B,0.34,18,14,1078.9,366.8,2663.6,0.959,PoolL
Llama2-13B,0.35,18,14,1048.1,366.8,2663.6,0.959,PoolL
Llama2-13B,0.36,18,14,1019.0,366.8,2663.6,0.959,PoolL
Llama2-13B,0.37,18,14,991.5,366.8,2663.6,0.959,PoolL
Llama2-13B,0.38,18,14,965.4,366.8,2663.6,0.959,PoolL
Llama2-13B,0.39,18,14,940.6,366.8,2663.6,0.959,PoolL
Llama2-13B,0.4,18,14,917.1,366.8,2663.6,0.959,PoolL
Llama2-13B,0.41,18,14,894.7,366.8,2663.6,0.959,PoolL
Llama2-13B,0.42,18,14,873.4,366.8,2663.6,0.959,PoolL
Llama2-13B,0.43,18,14,853.1,366.8,2663.6,0.959,PoolL
Llama2-13B,0.44,18,14,833.7,366.8,2663.6,0.959,PoolL
Llama2-13B,0.45,18,14,815.2,366.8,2663.6,0.959,PoolL
Llama2-13B,0.46,18,14,797.5,366.8,2663.6,0.959,PoolL
Llama2-13B,0.47,18,14,780.5,366.8,2663.6,0.959,PoolL
Llama2-13B,0.48,18,14,764.3,366.8,2663.6,0.959,PoolL
Llama2-13B,0.49,18,14,748.7,366.8,2663.6,0.959,PoolL
Llama2-13B,0.5,18,14,733.7,366.8,2663.6,0.959,PoolL
Llama2-13B,0.51,18,14,719.3,366.8,2663.6,0.959,PoolL
Llama2-13B,0.52,18,14,705.5,366.8,2663.6,0.959,PoolL
Llama2-13B,0.53,18,14,692.2,366.8,2663.6,0.959,PoolL
Llama2-13B,0.54,18,14,679.3,366.8,2663.6,0.959,PoolL
Llama2-13B,0.55,18,14,667.0,366.8,2663.6,0.959,PoolL
Llama2-13B,0.56,18,14,655.1,366.8,2663.6,0.959,PoolL
Llama2-13B,0.57,18,14,643.6,366.8,2663.6,0.959,PoolL
Llama2-13B,0.58,18,14,632.5,366.8,2663.6,0.959,PoolL
Llama2-13B,0.59,18,14,621.8,366.8,2663.6,0.959,PoolL
Llama2-13B,0.6,18,14,611.4,366.8,2663.6,0.959,PoolL
Llama2-13B,0.61,18,14,601.4,366.8,2663.6,0.959,PoolL
Llama2-13B,0.62,18,14,591.7,366.8,2663.6,0.959,PoolL
Llama2-13B,0.63,18,14,582.3,366.8,2663.6,0.959,PoolL
Llama2-13B,0.64,18,14,573.2,366.8,2663.6,0.959,PoolL
Llama2-13B,0.65,18,14,564.4,366.8,2663.6,0.959,PoolL
Llama2-13B,0.66,18,14,555.8,366.8,2663.6,0.959,PoolL
Llama2-13B,0.67,18,14,547.5,366.8,2663.6,0.959,PoolL
Llama2-13B,0.68,18,14,539.5,366.8,2663.6,0.959,PoolL
Llama2-13B,0.69,18,14,531.7,366.8,2663.6,0.959,PoolL
Llama2-13B,0.7,18,14,524.1,366.8,2663.6,0.959,PoolL
Llama2-13B,0.71,18,14,516.7,366.8,2663.6,0.959,PoolL
Llama2-13B,0.72,18,14,509.5,366.8,2663.6,0.959,PoolL
Llama2-13B,0.73,18,14,502.5,366.8,2663.6,0.959,PoolL
Llama2-13B,0.74,18,14,495.7,366.8,2663.6,0.959,PoolL
Llama2-13B,0.75,18,14,489.1,366.8,2663.6,0.959,PoolL
Llama2-13B,0.76,18,14,482.7,366.8,2663.6,0.959,PoolL
Llama2-13B,0.77,18,14,476.4,366.8,2663.6,0.959,PoolL
Llama2-13B,0.78,18,14,470.3,366.8,2663.6,0.959,PoolL
Llama2-13B,0.79,18,14,464.4,366.8,2663.6,0.959,PoolL
Llama2-13B,0.8,18,14,458.6,366.8,2663.6,0.959,PoolL
Llama2-13B,0.81,18,14,452.9,366.8,2663.6,0.959,PoolL
Llama2-13B,0.82,18,14,447.4,366.8,2663.6,0.959,PoolL
Llama2-13B,0.83,18,14,442.0,366.8,2663.6,0.959,PoolL
Llama2-13B,0.84,18,14,436.7,366.8,2663.6,0.959,PoolL
Llama2-13B,0.85,18,14,431.6,366.8,2663.6,0.959,PoolL
Llama2-13B,0.86,18,14,426.6,366.8,2663.6,0.959,PoolL
Llama2-13B,0.87,18,14,421.7,366.8,2663.6,0.959,PoolL
Llama2-13B,0.88,18,14,416.9,366.8,2663.6,0.959,PoolL
Llama2-13B,0.89,18,14,412.2,366.8,2663.6,0.959,PoolL
Llama2-13B,0.9,18,14,407.6,366.8,2663.6,0.959,PoolL
Llama2-13B,0.91,18,14,403.1,366.8,2663.6,0.959,PoolL
Llama2-13B,0.92,18,14,398.7,366.8,2663.6,0.959,PoolL
Llama2-13B,0.93,18,14,394.5,366.8,2663.6,0.959,PoolL
Llama2-13B,0.94,18,14,390.3,366.8,2663.6,0.959,PoolL
Llama2-13B,0.95,18,14,386.1,366.8,2663.6,0.959,PoolL
Llama2-13B,0.96,18,14,382.1,366.8,2663.6,0.959,PoolL
Llama2-13B,0.97,18,14,378.2,366.8,2663.6,0.959,PoolL
Llama2-13B,0.98,18,14,374.3,366.8,2663.6,0.959,PoolL
Llama2-70B,0.02,2,30,1209.3,62.7,1185.1,6.205,PoolT
Llama2-70B,0.03,2,30,1221.8,62.7,1185.1,6.205,PoolT
Llama2-70B,0.04,2,30,1234.5,62.7,1185.1,6.205,PoolT
Llama2-70B,0.05,2,30,1247.5,62.7,1185.1,6.205,PoolT
Llama2-70B,0.06,4,28,1260.8,83.0,1185.1,4.383,PoolT
Llama2-70B,0.07,4,28,1185.8,83.0,1185.1,4.383,PoolL
Llama2-70B,0.08,6,26,1038.9,90.8,955.8,3.905,PoolT
Llama2-70B,0.09,8,24,1050.3,99.1,955.8,3.479,PoolT
Llama2-70B,0.1,12,20,1015.8,101.6,955.8,3.363,PoolL
Llama2-70B,0.11,12,20,923.5,101.6,955.8,3.363,PoolL
Llama2-70B,0.12,12,20,846.5,101.6,955.8,3.363,PoolL
Llama2-70B,0.13,16,16,822.0,108.0,715.1,3.087,PoolT
Llama2-70B,0.14,16,16,771.2,108.0,715.1,3.087,PoolL
Llama2-70B,0.15,16,16,719.7,108.0,715.1,3.087,PoolL
Llama2-70B,0.16,16,16,674.8,108.0,715.1,3.087,PoolL
Llama2-70B,0.17,16,16,635.1,108.0,715.1,3.087,PoolL
Llama2-70B,0.18,16,16,599.8,108.0,715.1,3.087,PoolL
Llama2-70B,0.19,16,16,568.2,108.0,715.1,3.087,PoolL
Llama2-70B,0.2,16,16,539.8,108.0,715.1,3.087,PoolL
Llama2-70B,0.21,16,16,514.1,108.0,715.1,3.087,PoolL
Llama2-70B,0.22,16,16,490.7,108.0,715.1,3.087,PoolL
Llama2-70B,0.23,16,16,469.4,108.0,715.1,3.087,PoolL
Llama2-70B,0.24,16,16,449.8,108.0,715.1,3.087,PoolL
Llama2-70B,0.25,16,16,431.8,108.0,715.1,3.087,PoolL
Llama2-70B,0.26,16,16,415.2,108.0,715.1,3.087,PoolL
Llama2-70B,0.27,16,16,399.9,108.0,715.1,3.087,PoolL
Llama2-70B,0.28,16,16,385.6,108.0,715.1,3.087,PoolL
Llama2-70B,0.29,16,16,372.3,108.0,715.1,3.087,PoolL
Llama2-70B,0.3,16,16,359.9,108.0,715.1,3.087,PoolL
Llama2-70B,0.31,16,16,348.3,108.0,715.1,3.087,PoolL
Llama2-70B,0.32,16,16,337.4,108.0,715.1,3.087,PoolL
Llama2-70B,0.33,16,16,327.2,108.0,715.1,3.087,PoolL
Llama2-70B,0.34,16,16,317.5,108.0,715.1,3.087,PoolL
Llama2-70B,0.35,16,16,308.5,108.0,715.1,3.087,PoolL
Llama2-70B,0.36,16,16,299.9,108.0,715.1,3.087,PoolL
Llama2-70B,0.37,16,16,291.8,108.0,715.1,3.087,PoolL
Llama2-70B,0.38,16,16,284.1,108.0,715.1,3.087,PoolL
Llama2-70B,0.39,16,16,276.8,108.0,715.1,3.087,PoolL
Llama2-70B,0.4,16,16,269.9,108.0,715.1,3.087,PoolL
Llama2-70B,0.41,16,16,263.3,108.0,715.1,3.087,PoolL
Llama2-70B,0.42,16,16,257.1,108.0,715.1,3.087,PoolL
Llama2-70B,0.43,16,16,251.1,108.0,715.1,3.087,PoolL
Llama2-70B,0.44,16,16,245.4,108.0,715.1,3.087,PoolL
Llama2-70B,0.45,16,16,239.9,108.0,715.1,3.087,PoolL
Llama2-70B,0.46,16,16,234.7,108.0,715.1,3.087,PoolL
Llama2-70B,0.47,16,16,229.7,108.0,715.1,3.087,PoolL
Llama2-70B,0.48,16,16,224.9,108.0,715.1,3.087,PoolL
Llama2-70B,0.49,16,16,220.3,108.0,715.1,3.087,PoolL
Llama2-70B,0.5,16,16,215.9,108.0,715.1,3.087,PoolL
Llama2-70B,0.51,16,16,211.7,108.0,715.1,3.087,PoolL
Llama2-70B,0.52,16,16,207.6,108.0,715.1,3.087,PoolL
Llama2-70B,0.53,16,16,203.7,108.0,715.1,3.087,PoolL
Llama2-70B,0.54,16,16,199.9,108.0,715.1,3.087,PoolL
Llama2-70B,0.55,16,16,196.3,108.0,715.1,3.087,PoolL
Llama2-70B,0.56,16,16,192.8,108.0,715.1,3.087,PoolL
Llama2-70B,0.57,16,16,189.4,108.0,715.1,3.087,PoolL
Llama2-70B,0.58,16,16,186.1,108.0,715.1,3.087,PoolL
Llama2-70B,0.59,16,16,183.0,108.0,715.1,3.087,PoolL
Llama2-70B,0.6,16,16,179.9,108.0,715.1,3.087,PoolL
Llama2-70B,0.61,16,16,177.0,108.0,715.1,3.087,PoolL
Llama2-70B,0.62,16,16,174.1,108.0,715.1,3.087,PoolL
Llama2-70B,0.63,16,16,171.4,108.0,715.1,3.087,PoolL
Llama2-70B,0.64,16,16,168.7,108.0,715.1,3.087,PoolL
Llama2-70B,0.65,16,16,166.1,108.0,715.1,3.087,PoolL
Llama2-70B,0.66,16,16,163.6,108.0,715.1,3.087,PoolL
Llama2-70B,0.67,16,16,161.1,108.0,715.1,3.087,PoolL
Llama2-70B,0.68,16,16,158.8,108.0,715.1,3.087,PoolL
Llama2-70B,0.69,16,16,156.5,108.0,715.1,3.087,PoolL
Llama2-70B,0.7,16,16,154.2,108.0,715.1,3.087,PoolL
Llama2-70B,0.71,16,16,152.1,108.0,715.1,3.087,PoolL
Llama2-70B,0.72,16,16,149.9,108.0,715.1,3.087,PoolL
Llama2-70B,0.73,16,16,147.9,108.0,715.1,3.087,PoolL
Llama2-70B,0.74,16,16,145.9,108.0,715.1,3.087,PoolL
Llama2-70B,0.75,16,16,143.9,108.0,715.1,3.087,PoolL
Llama2-70B,0.76,16,16,142.1,108.0,715.1,3.087,PoolL
Llama2-70B,0.77,16,16,140.2,108.0,715.1,3.087,PoolL
Llama2-70B,0.78,16,16,138.4,108.0,715.1,3.087,PoolL
Llama2-70B,0.79,16,16,136.7,108.0,715.1,3.087,PoolL
Llama2-70B,0.8,16,16,135.0,108.0,715.1,3.087,PoolL
Llama2-70B,0.81,16,16,133.3,108.0,715.1,3.087,PoolL
Llama2-70B,0.82,16,16,131.7,108.0,715.1,3.087,PoolL
Llama2-70B,0.83,16,16,130.1,108.0,715.1,3.087,PoolL
Llama2-70B,0.84,16,16,128.5,108.0,715.1,3.087,PoolL
Llama2-70B,0.85,16,16,127.0,108.0,715.1,3.087,PoolL
Llama2-70B,0.86,16,16,125.5,108.0,715.1,3.087,PoolL
Llama2-70B,0.87,16,16,124.1,108.0,715.1,3.087,PoolL
Llama2-70B,0.88,16,16,122.7,108.0,715.1,3.087,PoolL
Llama2-70B,0.89,16,16,121.3,108.0,715.1,3.087,PoolL
Llama2-70B,0.9,16,16,120.0,108.0,715.1,3.087,PoolL
Llama2-70B,0.91,16,16,118.6,108.0,715.1,3.087,PoolL
Llama2-70B,0.92,16,16,117.4,108.0,715.1,3.087,PoolL
Llama2-70B,0.93,16,16,116.1,108.0,715.1,3.087,PoolL
Llama2-70B,0.94,16,16,114.9,108.0,715.1,3.087,PoolL
Llama2-70B,0.95,16,16,113.6,108.0,715.1,3.087,PoolL
Llama2-70B,0.96,16,16,112.5,108.0,715.1,3.087,PoolL
Llama2-70B,0.97,16,16,111.3,108.0,715.1,3.087,PoolL
Llama2-70B,0.98,16,16,110.2,108.0,715.1,3.087,PoolL
