Model,mode,N,TP,pp,b_ceil,b_floor,n_ceil,n_floor,cpb_ceil,cpb_floor,tok_cent,tok_real,lat_improve_pct,tput_cent,tput_real,tput_ratio_real_cent,tput_vs_baseline,lat_vs_baseline,sbl_src,note
Llama2-13B,MP,16,1,16,3,2,8,8,32,32,5.6398,5.6398,0.0,2909.5945,2424.6621,0.8333,0.5906,0.5618,cent,heterogeneous
Llama2-13B,MP,16,2,8,5,5,8,0,32,32,4.142,4.142,0.0,2003.4843,2003.4843,1.0,0.488,0.4126,cent,uniform
Llama2-13B,MP,16,4,4,10,10,4,0,32,32,3.4567,3.4567,0.0,1210.7853,1210.7853,1.0,0.2949,0.3443,cent,uniform
Llama2-13B,MP,16,8,2,20,20,2,0,32,32,3.1364,3.1364,0.0,670.0308,670.0308,1.0,0.1632,0.3124,cent,uniform
Llama2-13B,MP,16,16,1,40,40,1,0,32,32,2.9176,2.9176,0.0,363.1312,363.1312,1.0,0.0885,0.2906,cent,uniform
Llama2-13B,MP,20,1,20,2,2,20,0,32,32,5.6398,5.6398,0.0,3636.9931,3636.9931,1.0,0.8859,0.5618,cent,uniform
Llama2-13B,MP,20,2,10,4,4,10,0,32,32,4.142,4.142,0.0,2504.3553,2504.3553,1.0,0.61,0.4126,cent,uniform
Llama2-13B,MP,20,4,5,8,8,5,0,32,32,3.4567,3.4567,0.0,1513.4817,1513.4817,1.0,0.3687,0.3443,cent,uniform
Llama2-13B,MP,20,5,4,10,10,4,0,32,32,3.2474,3.2474,0.0,1296.0111,1296.0111,1.0,0.3157,0.3235,cent,uniform
Llama2-13B,MP,20,10,2,20,20,2,0,32,32,2.949,2.949,0.0,717.5805,717.5805,1.0,0.1748,0.2937,cent,uniform
Llama2-13B,MP,20,20,1,40,40,1,0,32,32,2.9188,2.9188,0.0,362.9644,362.9644,1.0,0.0884,0.2907,cent,uniform
Llama2-13B,MP,32,1,32,2,1,8,24,32,32,5.6398,5.6398,0.0,5819.189,3636.9931,0.625,0.8859,0.5618,cent,heterogeneous
Llama2-13B,MP,32,2,16,3,2,8,8,32,32,4.142,4.142,0.0,4006.9685,3339.1405,0.8333,0.8133,0.4126,cent,heterogeneous
Llama2-13B,MP,32,4,8,5,5,8,0,32,32,3.4567,3.4567,0.0,2421.5707,2421.5707,1.0,0.5898,0.3443,cent,uniform
Llama2-13B,MP,32,8,4,10,10,4,0,32,32,3.1364,3.1364,0.0,1340.0615,1340.0615,1.0,0.3264,0.3124,cent,uniform
Llama2-13B,MP,32,16,2,20,20,2,0,32,32,2.9176,2.9176,0.0,726.2623,726.2623,1.0,0.1769,0.2906,cent,uniform
Llama2-13B,MP,32,32,1,40,40,1,0,32,32,2.8868,2.8868,0.0,367.5019,367.5019,1.0,0.0895,0.2875,cent,uniform
Llama2-13B,PP,16,1,40,3,2,8,8,10,16,15.4533,13.3228,13.7866,2663.5833,2663.5833,1.0,0.6488,1.3271,pp,heterogeneous
Llama2-13B,PP,20,1,40,2,2,20,0,16,16,10.0393,10.0393,0.0,4105.4401,4105.4401,1.0,1.0,1.0,pp,uniform
Llama2-13B,PP,32,1,40,2,1,8,24,16,32,10.0393,7.267,27.6142,4105.4401,4105.4401,1.0,1.0,0.7239,pp,heterogeneous
Llama2-7B,MP,8,1,8,4,4,8,0,32,32,3.2837,3.2837,0.0,2505.6236,2505.6236,1.0,0.8351,0.296,cent,uniform
Llama2-7B,MP,8,2,4,8,8,4,0,32,32,2.4802,2.4802,0.0,1675.0935,1675.0935,1.0,0.5583,0.2236,cent,uniform
Llama2-7B,MP,8,4,2,16,16,2,0,32,32,2.0959,2.0959,0.0,998.4579,998.4579,1.0,0.3328,0.1889,cent,uniform
Llama2-7B,MP,8,8,1,32,32,1,0,32,32,1.8984,1.8984,0.0,553.393,553.393,1.0,0.1844,0.1711,cent,uniform
Llama2-7B,MP,16,1,16,2,2,16,0,32,32,3.2837,3.2837,0.0,5011.2472,5011.2472,1.0,1.6702,0.296,cent,uniform
Llama2-7B,MP,16,2,8,4,4,8,0,32,32,2.4802,2.4802,0.0,3350.1869,3350.1869,1.0,1.1166,0.2236,cent,uniform
Llama2-7B,MP,16,4,4,8,8,4,0,32,32,2.0959,2.0959,0.0,1996.9158,1996.9158,1.0,0.6656,0.1889,cent,uniform
Llama2-7B,MP,16,8,2,16,16,2,0,32,32,1.8984,1.8984,0.0,1106.786,1106.786,1.0,0.3689,0.1711,cent,uniform
Llama2-7B,MP,16,16,1,32,32,1,0,32,32,1.8802,1.8802,0.0,559.3223,559.3223,1.0,0.1864,0.1695,cent,uniform
Llama2-7B,MP,32,1,32,1,1,32,0,32,32,3.2837,3.2837,0.0,10022.4943,10022.4943,1.0,3.3405,0.296,cent,uniform
Llama2-7B,MP,32,2,16,2,2,16,0,32,32,2.4802,2.4802,0.0,6700.3739,6700.3739,1.0,2.2332,0.2236,cent,uniform
Llama2-7B,MP,32,4,8,4,4,8,0,32,32,2.0959,2.0959,0.0,3993.8316,3993.8316,1.0,1.3311,0.1889,cent,uniform
Llama2-7B,MP,32,8,4,8,8,4,0,32,32,1.8984,1.8984,0.0,2213.572,2213.572,1.0,0.7378,0.1711,cent,uniform
Llama2-7B,MP,32,16,2,16,16,2,0,32,32,1.8802,1.8802,0.0,1118.6445,1118.6445,1.0,0.3728,0.1695,cent,uniform
Llama2-7B,MP,32,32,1,32,32,1,0,32,32,1.8911,1.8911,0.0,555.7686,555.7686,1.0,0.1852,0.1705,cent,uniform
Llama2-7B,PP,8,1,32,4,4,8,0,8,8,11.0924,11.0924,-0.0,3000.3362,3000.3362,1.0,1.0,1.0,pp,uniform
Llama2-7B,PP,16,1,32,2,2,16,0,16,16,5.7303,5.7303,-0.0,5794.1643,5794.1643,1.0,1.9312,0.5166,pp,uniform
Llama2-7B,PP,32,1,32,1,1,32,0,32,32,3.0835,3.0835,0.0,10715.1935,10715.1935,1.0,3.5713,0.278,pp,uniform
