PP,TP,seqlen,TTFT,Panel,Model
1,32,128,0.6929258515000002,b,Llama2-70B
2,16,128,0.725602239875,b,Llama2-70B
4,8,128,0.8235796090624999,b,Llama2-70B
8,4,128,1.0497923555625,b,Llama2-70B
16,2,128,1.50510350434375,b,Llama2-70B
32,1,128,2.439100828265625,b,Llama2-70B
80,1,128,7.013758462593749,b,Llama2-70B
1,32,256,1.4163157030000002,b,Llama2-70B
2,16,256,1.48166847975,b,Llama2-70B
4,8,256,1.6776232181249997,b,Llama2-70B
8,4,256,2.130048711125,b,Llama2-70B
16,2,256,3.0406710086875,b,Llama2-70B
32,1,256,4.908665656531251,b,Llama2-70B
80,1,256,14.1417646051875,b,Llama2-70B
1,32,384,2.1706713145000003,b,Llama2-70B
2,16,384,2.268700479625,b,Llama2-70B
4,8,384,2.5626325871875,b,Llama2-70B
8,4,384,3.2412708266875,b,Llama2-70B
16,2,384,4.6072042730312495,b,Llama2-70B
32,1,384,7.409196244796877,b,Llama2-70B
80,1,384,21.384090107781244,b,Llama2-70B
1,32,512,2.9559926860000005,b,Llama2-70B
2,16,512,3.0866982395,b,Llama2-70B
4,8,512,3.4786077162499995,b,Llama2-70B
8,4,512,4.38345870225,b,Llama2-70B
16,2,512,6.204703297375,b,Llama2-70B
32,1,512,9.9406925930625,b,Llama2-70B
80,1,512,28.740734970374994,b,Llama2-70B
1,32,640,3.7721262175,b,Llama2-70B
2,16,640,3.935508159375,b,Llama2-70B
4,8,640,4.4253950053125,b,Llama2-70B
8,4,640,5.5564587378125,b,Llama2-70B
16,2,640,7.833014481718748,b,Llama2-70B
32,1,640,12.536875021328123,b,Llama2-70B
80,1,640,36.17801983296874,b,Llama2-70B
1,32,768,4.618723749000001,b,Llama2-70B
2,16,768,4.8147820792500005,b,Llama2-70B
4,8,768,5.402646294375001,b,Llama2-70B
8,4,768,6.759922773374999,b,Llama2-70B
16,2,768,9.4917896660625,b,Llama2-70B
32,1,768,15.16352144959375,b,Llama2-70B
80,1,768,43.72950117556249,b,Llama2-70B
1,32,896,5.496287040500001,b,Llama2-70B
2,16,896,5.725021759125,b,Llama2-70B
4,8,896,6.410863343437501,b,Llama2-70B
8,4,896,7.994352568937501,b,Llama2-70B
16,2,896,11.181530610406249,b,Llama2-70B
32,1,896,17.821133637859376,b,Llama2-70B
80,1,896,51.39523019815624,b,Llama2-70B
1,32,1024,6.404816092000001,b,Llama2-70B
2,16,1024,6.666227199000001,b,Llama2-70B
4,8,1024,7.450046152499999,b,Llama2-70B
8,4,1024,9.259748124500002,b,Llama2-70B
16,2,1024,12.90223731475,b,Llama2-70B
32,1,1024,20.509711586125004,b,Llama2-70B
80,1,1024,59.17527858074999,b,Llama2-70B
1,32,1152,7.397185143500001,b,Llama2-70B
2,16,1152,7.691272638875001,b,Llama2-70B
4,8,1152,8.5730689615625,b,Llama2-70B
8,4,1152,10.6089836800625,b,Llama2-70B
16,2,1152,14.740657939093747,b,Llama2-70B
32,1,1152,23.31600345439063,b,Llama2-70B
80,1,1152,67.12334488334375,b,Llama2-70B
1,32,1280,8.420018195,b,Llama2-70B
2,16,1280,8.74678207875,b,Llama2-70B
4,8,1280,9.726555770625,b,Llama2-70B
8,4,1280,11.988683235625002,b,Llama2-70B
16,2,1280,16.6095425634375,b,Llama2-70B
32,1,1280,26.152759322656244,b,Llama2-70B
80,1,1280,75.1520511859375,b,Llama2-70B
1,32,1408,9.4738170065,b,Llama2-70B
2,16,1408,9.833257278625,b,Llama2-70B
4,8,1408,10.9110083396875,b,Llama2-70B
8,4,1408,13.3993485511875,b,Llama2-70B
16,2,1408,18.509392947781247,b,Llama2-70B
32,1,1408,29.02048095092188,b,Llama2-70B
80,1,1408,83.29495396853125,b,Llama2-70B
1,32,1536,10.558581578000002,b,Llama2-70B
2,16,1536,10.9506982385,b,Llama2-70B
4,8,1536,12.12642666875,b,Llama2-70B
8,4,1536,14.84097962675,b,Llama2-70B
16,2,1536,20.440209092125,b,Llama2-70B
32,1,1536,31.9191683391875,b,Llama2-70B
80,1,1536,91.552104431125,b,Llama2-70B
1,32,1664,11.6741583095,b,Llama2-70B
2,16,1664,12.098951358375002,b,Llama2-70B
4,8,1664,13.372657157812505,b,Llama2-70B
8,4,1664,16.3134228623125,b,Llama2-70B
16,2,1664,22.40183739646875,b,Llama2-70B
32,1,1664,34.88254180745312,b,Llama2-70B
80,1,1664,99.92357425371874,b,Llama2-70B
1,32,1792,12.820199041,b,Llama2-70B
2,16,1792,13.277668478250002,b,Llama2-70B
4,8,1792,14.649351646875004,b,Llama2-70B
8,4,1792,17.816330097875003,b,Llama2-70B
16,2,1792,24.3939297008125,b,Llama2-70B
32,1,1792,37.87637927571875,b,Llama2-70B
80,1,1792,108.4093634363125,b,Llama2-70B
1,32,1920,13.9972055325,b,Llama2-70B
2,16,1920,14.487351358125,b,Llama2-70B
4,8,1920,15.9570118959375,b,Llama2-70B
8,4,1920,19.3502030934375,b,Llama2-70B
16,2,1920,26.41698776515625,b,Llama2-70B
32,1,1920,40.90118250398437,b,Llama2-70B
80,1,1920,116.97579261890624,b,Llama2-70B
1,32,2048,15.205177784,b,Llama2-70B
2,16,2048,15.727999998,b,Llama2-70B
4,8,2048,17.295637905,b,Llama2-70B
8,4,2048,20.915041849,b,Llama2-70B
16,2,2048,28.4710115895,b,Llama2-70B
32,1,2048,43.95695149225,b,Llama2-70B
80,1,2048,125.6564182815,b,Llama2-70B
1,32,2176,16.496698195500002,b,Llama2-70B
2,16,2176,17.052196797875,b,Llama2-70B
4,8,2176,18.717812074062497,b,Llama2-70B
8,4,2176,22.597302684562504,b,Llama2-70B
16,2,2176,30.642457493843747,b,Llama2-70B
32,1,2176,47.13014256051562,b,Llama2-70B
80,1,2176,134.50499018409374,b,Llama2-70B
1,32,2304,17.818682607000003,b,Llama2-70B
2,16,2304,18.40685759775,b,Llama2-70B
4,8,2304,20.170450243125,b,Llama2-70B
8,4,2304,24.310027520125004,b,Llama2-70B
16,2,2304,32.844367398187494,b,Llama2-70B
32,1,2304,50.33379762878125,b,Llama2-70B
80,1,2304,143.46788144668747,b,Llama2-70B
1,32,2432,19.171632778500005,b,Llama2-70B
2,16,2432,19.792484157625,b,Llama2-70B
4,8,2432,21.654054172187497,b,Llama2-70B
8,4,2432,26.053718115687506,b,Llama2-70B
16,2,2432,35.077243062531245,b,Llama2-70B
32,1,2432,53.56841845704688,b,Llama2-70B
80,1,2432,152.54509206928122,b,Llama2-70B
1,32,2560,20.555548710000004,b,Llama2-70B
2,16,2560,21.2090764775,b,Llama2-70B
4,8,2560,23.16862386125,b,Llama2-70B
8,4,2560,27.828374471250005,b,Llama2-70B
16,2,2560,37.341084486875,b,Llama2-70B
32,1,2560,56.8340050453125,b,Llama2-70B
80,1,2560,161.702942691875,b,Llama2-70B
1,32,2688,21.970276801500003,b,Llama2-70B
2,16,2688,22.656480957375,b,Llama2-70B
4,8,2688,24.71400571031249,b,Llama2-70B
8,4,2688,29.633842986812507,b,Llama2-70B
16,2,2688,39.63573807121875,b,Llama2-70B
32,1,2688,60.16427771357812,b,Llama2-70B
80,1,2688,170.97498979446874,b,Llama2-70B
1,32,2816,23.415468893000003,b,Llama2-70B
2,16,2816,24.13434943725,b,Llama2-70B
4,8,2816,26.289851559375,b,Llama2-70B
8,4,2816,31.46977550237501,b,Llama2-70B
16,2,2816,41.9608556555625,b,Llama2-70B
32,1,2816,63.52501438184374,b,Llama2-70B
80,1,2816,180.3612845770625,b,Llama2-70B
1,32,2944,24.891626744500005,b,Llama2-70B
2,16,2944,25.643183677125,b,Llama2-70B
4,8,2944,27.896663168437502,b,Llama2-70B
8,4,2944,33.33667377793751,b,Llama2-70B
16,2,2944,44.316938999906256,b,Llama2-70B
32,1,2944,66.91671681010936,b,Llama2-70B
80,1,2944,189.86189871965624,b,Llama2-70B
1,32,3072,26.398750356000004,b,Llama2-70B
2,16,3072,27.182983677000003,b,Llama2-70B
4,8,3072,29.5344405375,b,Llama2-70B
8,4,3072,35.2345378135,b,Llama2-70B
16,2,3072,46.70398810425,b,Llama2-70B
32,1,3072,70.339384998375,b,Llama2-70B
80,1,3072,199.47683222225007,b,Llama2-70B
1,32,3200,27.989422127500003,b,Llama2-70B
2,16,3200,28.806331836875003,b,Llama2-70B
4,8,3200,31.2557660665625,b,Llama2-70B
8,4,3200,37.2159500090625,b,Llama2-70B
16,2,3200,49.208459288593744,b,Llama2-70B
32,1,3200,73.87947526664063,b,Llama2-70B
80,1,3200,209.22610428484376,b,Llama2-70B
1,32,3328,29.610557899000003,b,Llama2-70B
2,16,3328,30.46014399675001,b,Llama2-70B
4,8,3328,33.007555595625,b,Llama2-70B
8,4,3328,39.227826204625,b,Llama2-70B
16,2,3328,51.743394472937496,b,Llama2-70B
32,1,3328,77.45002953490625,b,Llama2-70B
80,1,3328,219.0895728274376,b,Llama2-70B
1,32,3456,31.26265943050001,b,Llama2-70B
2,16,3456,32.144921916625,b,Llama2-70B
4,8,3456,34.79031088468751,b,Llama2-70B
8,4,3456,41.27066816018751,b,Llama2-70B
16,2,3456,54.30929541728124,b,Llama2-70B
32,1,3456,81.05154956317187,b,Llama2-70B
80,1,3456,229.0672890500313,b,Llama2-70B
1,32,3584,32.945726722,b,Llama2-70B
2,16,3584,33.860665596500006,b,Llama2-70B
4,8,3584,36.60403193375,b,Llama2-70B
8,4,3584,43.34447587575,b,Llama2-70B
16,2,3584,56.906162121625,b,Llama2-70B
32,1,3584,84.6840353514375,b,Llama2-70B
80,1,3584,239.15932463262507,b,Llama2-70B
1,32,3712,34.6596061735,b,Llama2-70B
2,16,3712,35.607221436375,b,Llama2-70B
4,8,3712,38.448565142812505,b,Llama2-70B
8,4,3712,45.449095751312505,b,Llama2-70B
16,2,3712,59.53384098596874,b,Llama2-70B
32,1,3712,88.38120721970313,b,Llama2-70B
80,1,3712,249.3656795752188,b,Llama2-70B
1,32,3840,36.403949625,b,Llama2-70B
2,16,3840,37.38424127625,b,Llama2-70B
4,8,3840,40.323562351875005,b,Llama2-70B
8,4,3840,47.584179626875006,b,Llama2-70B
16,2,3840,62.19198385031248,b,Llama2-70B
32,1,3840,92.10884308796876,b,Llama2-70B
80,1,3840,259.6526745178126,b,Llama2-70B
1,32,3968,38.1792588365,b,Llama2-70B
2,16,3968,39.192226876125,b,Llama2-70B
4,8,3968,42.22952532093751,b,Llama2-70B
8,4,3968,49.75022926243751,b,Llama2-70B
16,2,3968,64.88109247465623,b,Llama2-70B
32,1,3968,95.86744471623436,b,Llama2-70B
80,1,3968,270.05386594040635,b,Llama2-70B
1,32,4096,39.98553380800001,b,Llama2-70B
2,16,4096,41.03117823600001,b,Llama2-70B
4,8,4096,44.16645405,b,Llama2-70B
8,4,4096,51.947244658,b,Llama2-70B
16,2,4096,67.60116685899999,b,Llama2-70B
32,1,4096,99.6570121045,b,Llama2-70B
80,1,4096,280.56930504300004,b,Llama2-70B
