Model,alpha_req,alpha_tok,lambda_tok_s,selectable,N_L,N_T,n_instances,TP_per_instance,lambda_max,headroom_ratio,Tput_L,Tput_T,system_tput,TTFT_L_s,req_lat_T_packed_s,kv_slack_T,kv_slack_L,bottleneck,n_meets_load,n_meets_kv,n_unsaturated,n_selectable,ttft_bar_s,switch_from,devices_draining,devices_kept,T_drain_s,T_breakeven_s,free_move,note,lambda_shown
Llama2-7B,0.33,0.33,9291.7,True,14,18,7,2,9312.1,1.002,3158.0,6239.1,9397.2,0.562,10.228,3.812,9.725,PoolT,9,91,68,9,0.674,,,,,,,,9291.7
Llama2-7B,0.34,0.34,9291.7,True,16,16,8,2,9453.2,1.017,3609.2,6239.1,9848.3,0.562,10.832,3.812,9.725,PoolT,8,91,68,8,0.674,7xTP2/N_T18,4.0,28.0,23.47,1321.69,False,,9291.7
Llama2-7B,0.35,0.35,9291.7,True,16,16,8,2,9598.6,1.033,3609.2,6239.1,9848.3,0.562,10.832,3.812,9.725,PoolT,8,91,68,8,0.674,,,,,,,,9291.7
Llama2-7B,0.36,0.36,9291.7,True,16,16,8,2,9748.6,1.049,3609.2,6239.1,9848.3,0.562,10.832,3.812,9.725,PoolT,8,91,68,8,0.674,,,,,,,,9291.7
Llama2-7B,0.37,0.37,9291.7,True,16,16,8,2,9754.6,1.05,3609.2,6239.1,9848.3,0.562,10.832,3.812,9.725,PoolL,7,91,68,7,0.674,,,,,,,,9291.7
Llama2-7B,0.38,0.38,9291.7,True,16,16,8,2,9497.9,1.022,3609.2,6239.1,9848.3,0.562,10.832,3.812,9.725,PoolL,7,91,68,7,0.674,,,,,,,,9291.7
Llama2-7B,0.39,0.39,9291.7,True,11,21,11,1,9460.0,1.018,3689.4,6239.1,9928.5,0.782,9.321,3.812,1.725,PoolL,6,91,68,6,0.938,8xTP2/N_T16,21.0,11.0,23.47,1056.28,False,,9291.7
Llama2-7B,0.4,0.4,9291.7,True,12,20,12,1,10062.0,1.083,4024.8,6239.1,10263.9,0.782,9.624,3.812,1.725,PoolL,5,91,68,5,0.938,11xTP1/N_T21,2.0,30.0,23.47,258.19,False,,9291.7
Llama2-7B,0.41,0.41,9291.7,True,12,20,12,1,9816.6,1.056,4024.8,6239.1,10263.9,0.782,9.624,3.812,1.725,PoolL,5,91,68,5,0.938,,,,,,,,9291.7
Llama2-7B,0.42,0.42,9291.7,True,12,20,12,1,9582.9,1.031,4024.8,6239.1,10263.9,0.782,9.624,3.812,1.725,PoolL,5,91,68,5,0.938,,,,,,,,9291.7
Llama2-7B,0.43,0.43,9291.7,True,12,20,12,1,9360.0,1.007,4024.8,6239.1,10263.9,0.782,9.624,3.812,1.725,PoolL,5,91,68,5,0.938,,,,,,,,9291.7
Llama2-7B,0.44,0.44,9291.7,True,13,19,13,1,9909.5,1.066,4360.2,6239.1,10599.3,0.782,9.926,3.812,1.725,PoolL,4,91,68,4,0.938,12xTP1/N_T20,2.0,30.0,23.47,281.66,False,,9291.7
Llama2-7B,0.45,0.45,9291.7,True,13,19,13,1,9689.3,1.043,4360.2,6239.1,10599.3,0.782,9.926,3.812,1.725,PoolL,4,91,68,4,0.938,,,,,,,,9291.7
Llama2-7B,0.46,0.46,9291.7,True,13,19,13,1,9478.7,1.02,4360.2,6239.1,10599.3,0.782,9.926,3.812,1.725,PoolL,4,91,68,4,0.938,,,,,,,,9291.7
Llama2-7B,0.47,0.47,9291.7,True,14,18,14,1,9990.6,1.075,4695.6,6239.1,10934.7,0.782,10.228,3.812,1.725,PoolL,3,91,68,3,0.938,13xTP1/N_T19,2.0,30.0,23.47,305.13,False,,9291.7
Llama2-7B,0.48,0.48,9291.7,True,14,18,14,1,9782.5,1.053,4695.6,6239.1,10934.7,0.782,10.228,3.812,1.725,PoolL,3,91,68,3,0.938,,,,,,,,9291.7
Llama2-7B,0.49,0.49,9291.7,True,14,18,14,1,9582.9,1.031,4695.6,6239.1,10934.7,0.782,10.228,3.812,1.725,PoolL,3,91,68,3,0.938,,,,,,,,9291.7
Llama2-7B,0.5,0.5,9291.7,True,14,18,14,1,9391.2,1.011,4695.6,6239.1,10934.7,0.782,10.228,3.812,1.725,PoolL,3,91,68,3,0.938,,,,,,,,9291.7
Llama2-7B,0.51,0.51,9291.7,True,15,17,15,1,9864.7,1.062,5031.0,6239.1,11270.1,0.782,10.53,3.812,1.725,PoolL,2,91,68,2,0.938,14xTP1/N_T18,2.0,30.0,23.47,328.6,False,,9291.7
Llama2-7B,0.52,0.52,9291.7,True,15,17,15,1,9675.0,1.041,5031.0,6239.1,11270.1,0.782,10.53,3.812,1.725,PoolL,2,91,68,2,0.938,,,,,,,,9291.7
Llama2-7B,0.53,0.53,9291.7,True,15,17,15,1,9492.5,1.022,5031.0,6239.1,11270.1,0.782,10.53,3.812,1.725,PoolL,2,91,68,2,0.938,,,,,,,,9291.7
Llama2-7B,0.54,0.54,9291.7,True,15,17,15,1,9316.7,1.003,5031.0,6239.1,11270.1,0.782,10.53,3.812,1.725,PoolL,2,91,68,2,0.938,,,,,,,,9291.7
Llama2-7B,0.55,0.55,9291.7,True,16,16,16,1,9757.1,1.05,5366.4,6239.1,11605.5,0.782,10.832,3.812,1.725,PoolL,1,91,68,1,0.938,15xTP1/N_T17,2.0,30.0,23.47,352.07,False,,9291.7
Llama2-7B,0.56,0.56,9291.7,True,16,16,16,1,9582.9,1.031,5366.4,6239.1,11605.5,0.782,10.832,3.812,1.725,PoolL,1,91,68,1,0.938,,,,,,,,9291.7
Llama2-7B,0.57,0.57,9291.7,True,16,16,16,1,9414.7,1.013,5366.4,6239.1,11605.5,0.782,10.832,3.812,1.725,PoolL,1,91,68,1,0.938,,,,,,,,9291.7
Llama2-7B,0.58,0.58,9291.7,True,17,15,17,1,9504.0,1.023,5701.8,3991.7,9693.5,0.782,12.099,2.312,1.725,PoolT,5,91,68,5,0.938,16xTP1/N_T16,3.0,29.0,23.47,863.03,False,,9291.7
Llama2-7B,0.59,0.59,9291.7,True,17,15,17,1,9664.1,1.04,5701.8,3991.7,9693.5,0.782,12.099,2.312,1.725,PoolL,5,91,68,5,0.938,,,,,,,,9291.7
Llama2-7B,0.6,0.6,9291.7,True,17,15,17,1,9503.0,1.023,5701.8,3991.7,9693.5,0.782,12.099,2.312,1.725,PoolL,5,91,68,5,0.938,,,,,,,,9291.7
Llama2-7B,0.61,0.61,9291.7,True,17,15,17,1,9347.2,1.006,5701.8,3991.7,9693.5,0.782,12.099,2.312,1.725,PoolL,5,91,68,5,0.938,,,,,,,,9291.7
Llama2-7B,0.62,0.62,9291.7,True,18,14,18,1,9737.4,1.048,6037.2,3991.7,10028.9,0.782,13.214,2.312,1.725,PoolL,4,91,68,4,0.938,17xTP1/N_T15,3.0,29.0,36.68,623.62,False,,9291.7
Llama2-7B,0.63,0.63,9291.7,True,18,14,18,1,9582.9,1.031,6037.2,3991.7,10028.9,0.782,13.214,2.312,1.725,PoolL,4,91,68,4,0.938,,,,,,,,9291.7
Llama2-7B,0.64,0.64,9291.7,True,18,14,18,1,9433.1,1.015,6037.2,3991.7,10028.9,0.782,13.214,2.312,1.725,PoolL,4,91,68,4,0.938,,,,,,,,9291.7
Llama2-7B,0.65,0.65,9291.7,True,19,13,19,1,9804.0,1.055,6372.6,3991.7,10364.3,0.782,14.329,2.312,1.725,PoolL,3,91,68,3,0.938,18xTP1/N_T14,3.0,29.0,36.68,660.3,False,,9291.7
Llama2-7B,0.66,0.66,9291.7,True,19,13,19,1,9655.5,1.039,6372.6,3991.7,10364.3,0.782,14.329,2.312,1.725,PoolL,6,91,68,6,0.938,,,,,,,,9291.7
Llama2-7B,0.67,0.67,9291.7,True,19,13,19,1,9511.3,1.024,6372.6,3991.7,10364.3,0.782,14.329,2.312,1.725,PoolL,6,91,68,6,0.938,,,,,,,,9291.7
Llama2-7B,0.68,0.68,9291.7,True,19,13,19,1,9371.5,1.009,6372.6,3991.7,10364.3,0.782,14.329,2.312,1.725,PoolL,6,91,68,6,0.938,,,,,,,,9291.7
Llama2-7B,0.69,0.69,9291.7,True,20,12,20,1,9721.7,1.046,6708.0,3991.7,10699.7,0.782,15.444,2.312,1.725,PoolL,5,91,68,5,0.938,19xTP1/N_T13,3.0,29.0,36.68,696.98,False,,9291.7
Llama2-7B,0.7,0.7,9291.7,True,20,12,20,1,9582.9,1.031,6708.0,3991.7,10699.7,0.782,15.444,2.312,1.725,PoolL,5,91,68,5,0.938,,,,,,,,9291.7
Llama2-7B,0.71,0.71,9291.7,True,20,12,20,1,9447.9,1.017,6708.0,3991.7,10699.7,0.782,15.444,2.312,1.725,PoolL,5,91,68,5,0.938,,,,,,,,9291.7
Llama2-7B,0.72,0.72,9291.7,True,20,12,20,1,9316.7,1.003,6708.0,3991.7,10699.7,0.782,15.444,2.312,1.725,PoolL,5,91,68,5,0.938,,,,,,,,9291.7
Llama2-7B,0.73,0.73,9291.7,True,21,11,21,1,9648.5,1.038,7043.4,3991.7,11035.1,0.782,16.559,2.312,1.725,PoolL,4,91,68,4,0.938,20xTP1/N_T12,3.0,29.0,36.68,733.67,False,,9291.7
Llama2-7B,0.74,0.74,9291.7,True,21,11,21,1,9518.1,1.024,7043.4,3991.7,11035.1,0.782,16.559,2.312,1.725,PoolL,5,91,68,5,0.938,,,,,,,,9291.7
Llama2-7B,0.75,0.75,9291.7,True,21,11,21,1,9391.2,1.011,7043.4,3991.7,11035.1,0.782,16.559,2.312,1.725,PoolL,5,91,68,5,0.938,,,,,,,,9291.7
Llama2-7B,0.76,0.76,9291.7,True,22,10,22,1,9708.9,1.045,7378.8,3234.5,10613.3,0.782,17.994,1.812,1.725,PoolL,4,91,68,4,0.938,21xTP1/N_T11,11.0,21.0,36.68,770.35,False,,9291.7
Llama2-7B,0.77,0.77,9291.7,True,22,10,22,1,9582.9,1.031,7378.8,3234.5,10613.3,0.782,17.994,1.812,1.725,PoolL,4,91,68,4,0.938,,,,,,,,9291.7
Llama2-7B,0.78,0.78,9291.7,True,22,10,22,1,9460.0,1.018,7378.8,3234.5,10613.3,0.782,17.994,1.812,1.725,PoolL,5,91,68,5,0.938,,,,,,,,9291.7
Llama2-7B,0.79,0.79,9291.7,True,22,10,22,1,9340.3,1.005,7378.8,3234.5,10613.3,0.782,17.994,1.812,1.725,PoolL,5,91,68,5,0.938,,,,,,,,9291.7
Llama2-7B,0.8,0.8,9291.7,True,23,9,23,1,9642.8,1.038,7714.2,3234.5,10948.7,0.782,19.444,1.812,1.725,PoolL,4,91,68,4,0.938,22xTP1/N_T10,4.0,28.0,45.43,999.56,False,,9291.7
Llama2-7B,0.81,0.81,9291.7,True,23,9,23,1,9523.7,1.025,7714.2,3234.5,10948.7,0.782,19.444,1.812,1.725,PoolL,4,91,68,4,0.938,,,,,,,,9291.7
Llama2-7B,0.82,0.82,9291.7,True,23,9,23,1,9407.6,1.012,7714.2,3234.5,10948.7,0.782,19.444,1.812,1.725,PoolL,4,91,68,4,0.938,,,,,,,,9291.7
Llama2-7B,0.83,0.83,9291.7,True,23,9,23,1,9294.2,1.0,7714.2,3234.5,10948.7,0.782,19.444,1.812,1.725,PoolL,4,91,68,4,0.938,,,,,,,,9291.7
Llama2-7B,0.84,0.84,9291.7,True,24,8,24,1,9582.9,1.031,8049.6,3234.5,11284.1,0.782,20.895,1.812,1.725,PoolL,3,91,68,3,0.938,23xTP1/N_T9,4.0,28.0,45.43,1044.99,False,,9291.7
Llama2-7B,0.85,0.85,9291.7,True,24,8,24,1,9470.1,1.019,8049.6,3234.5,11284.1,0.782,20.895,1.812,1.725,PoolL,3,91,68,3,0.938,,,,,,,,9291.7
Llama2-7B,0.86,0.86,9291.7,True,24,8,24,1,9360.0,1.007,8049.6,3234.5,11284.1,0.782,20.895,1.812,1.725,PoolL,3,91,68,3,0.938,,,,,,,,9291.7
Llama2-7B,0.87,0.87,9291.7,True,25,7,25,1,9637.9,1.037,8385.0,2453.6,10838.6,0.782,25.115,1.312,1.725,PoolL,2,91,68,2,0.938,24xTP1/N_T8,5.0,27.0,45.43,1090.42,False,,9291.7
Llama2-7B,0.88,0.88,9291.7,True,25,7,25,1,9528.4,1.025,8385.0,2453.6,10838.6,0.782,25.115,1.312,1.725,PoolL,2,91,68,2,0.938,,,,,,,,9291.7
Llama2-7B,0.89,0.89,9291.7,True,25,7,25,1,9421.3,1.014,8385.0,2453.6,10838.6,0.782,25.115,1.312,1.725,PoolL,2,91,68,2,0.938,,,,,,,,9291.7
Llama2-7B,0.9,0.9,9291.7,True,25,7,25,1,9316.7,1.003,8385.0,2453.6,10838.6,0.782,25.115,1.312,1.725,PoolL,2,91,68,2,0.938,,,,,,,,9291.7
Llama2-7B,0.91,0.91,9291.7,True,26,6,26,1,9582.9,1.031,8720.4,2052.2,10772.6,0.782,29.649,1.062,1.725,PoolL,1,91,68,1,0.938,25xTP1/N_T7,7.0,25.0,59.77,1494.3,False,,9291.7
Llama2-7B,0.92,0.92,9291.7,True,26,6,26,1,9478.7,1.02,8720.4,2052.2,10772.6,0.782,29.649,1.062,1.725,PoolL,1,91,68,1,0.938,,,,,,,,9291.7
Llama2-7B,0.93,0.93,9291.7,True,26,6,26,1,9376.8,1.009,8720.4,2052.2,10772.6,0.782,29.649,1.062,1.725,PoolL,1,91,68,1,0.938,,,,,,,,9291.7
Llama2-13B,0.04,0.04,4582.8,True,2,30,1,2,4585.8,1.001,269.6,4402.4,4672.1,0.946,14.796,2.371,2.482,PoolT,23,52,39,21,0.728,,,,,,,,4582.8
Llama2-13B,0.05,0.05,4582.8,True,2,30,1,2,4634.1,1.011,269.6,4402.4,4672.1,0.946,14.796,2.371,2.482,PoolT,23,52,39,21,0.728,,,,,,,,4582.8
Llama2-13B,0.06,0.06,4582.8,True,3,29,1,3,4683.4,1.022,302.3,4402.4,4704.8,0.83,15.235,2.371,7.602,PoolT,22,52,39,20,0.728,1xTP2/N_T30,4.0,28.0,41.12,972.11,False,,4582.8
Llama2-13B,0.07,0.07,4582.8,True,4,28,1,4,4674.3,1.02,327.2,4402.4,4729.6,0.755,15.675,2.371,12.722,PoolL,21,52,39,19,0.728,1xTP3/N_T29,5.0,27.0,41.12,499.23,False,,4582.8
Llama2-13B,0.08,0.08,4582.8,True,4,28,2,2,4785.2,1.044,539.2,4402.4,4941.7,0.946,15.675,2.371,2.482,PoolT,16,52,39,14,0.728,1xTP4/N_T28,4.0,28.0,41.12,241.92,False,,4582.8
Llama2-13B,0.09,0.09,4582.8,True,4,28,2,2,4837.8,1.056,539.2,4402.4,4941.7,0.946,15.675,2.371,2.482,PoolT,12,52,39,12,0.814,,,,,,,,4582.8
Llama2-13B,0.1,0.1,4582.8,True,4,28,2,2,4891.6,1.067,539.2,4402.4,4941.7,0.946,15.675,2.371,2.482,PoolT,12,52,39,12,0.814,,,,,,,,4582.8
Llama2-13B,0.11,0.11,4582.8,True,4,28,2,2,4901.8,1.07,539.2,4402.4,4941.7,0.946,15.675,2.371,2.482,PoolL,12,52,39,12,0.814,,,,,,,,4582.8
Llama2-13B,0.12,0.12,4582.8,True,6,26,2,3,5002.7,1.092,604.6,4402.4,5007.1,0.83,16.553,2.371,7.602,PoolT,11,52,39,11,0.814,2xTP2/N_T28,8.0,24.0,41.12,362.72,False,,4582.8
Llama2-13B,0.13,0.13,4582.8,True,6,26,2,3,4650.8,1.015,604.6,4402.4,5007.1,0.83,16.553,2.371,7.602,PoolL,11,52,39,11,0.814,,,,,,,,4582.8
Llama2-13B,0.14,0.14,4582.8,True,6,26,3,2,5119.1,1.117,808.8,4402.4,5211.3,0.946,16.553,2.371,2.482,PoolT,10,52,39,10,0.814,2xTP3/N_T26,6.0,26.0,41.12,221.84,False,,4582.8
Llama2-13B,0.15,0.15,4582.8,True,6,26,3,2,5179.3,1.13,808.8,4402.4,5211.3,0.946,16.553,2.371,2.482,PoolT,9,52,39,9,0.814,,,,,,,,4582.8
Llama2-13B,0.16,0.16,4582.8,True,6,26,3,2,5055.0,1.103,808.8,4402.4,5211.3,0.946,16.553,2.371,2.482,PoolL,7,52,39,7,0.906,,,,,,,,4582.8
Llama2-13B,0.17,0.17,4582.8,True,6,26,3,2,4757.6,1.038,808.8,4402.4,5211.3,0.946,16.553,2.371,2.482,PoolL,7,52,39,7,0.906,,,,,,,,4582.8
Llama2-13B,0.18,0.18,4582.8,True,9,23,3,3,5038.3,1.099,906.9,4402.4,5309.4,0.83,17.871,2.371,7.602,PoolL,6,52,39,6,0.906,3xTP2/N_T26,12.0,20.0,41.12,339.03,False,,4582.8
Llama2-13B,0.19,0.19,4582.8,True,9,23,3,3,4773.2,1.042,906.9,4402.4,5309.4,0.83,17.871,2.371,7.602,PoolL,6,52,39,6,0.906,,,,,,,,4582.8
Llama2-13B,0.2,0.2,4582.8,True,8,24,4,2,5392.5,1.177,1078.5,4402.4,5480.9,0.946,17.432,2.371,2.482,PoolL,5,52,39,5,0.906,3xTP3/N_T23,10.0,22.0,41.12,217.32,False,,4582.8
Llama2-13B,0.21,0.21,4582.8,True,8,24,4,2,5135.7,1.121,1078.5,4402.4,5480.9,0.946,17.432,2.371,2.482,PoolL,5,52,39,5,0.906,,,,,,,,4582.8
Llama2-13B,0.22,0.22,4582.8,True,8,24,4,2,4902.3,1.07,1078.5,4402.4,5480.9,0.946,17.432,2.371,2.482,PoolL,4,52,39,4,0.996,,,,,,,,4582.8
Llama2-13B,0.23,0.23,4582.8,True,8,24,4,2,4689.1,1.023,1078.5,4402.4,5480.9,0.946,17.432,2.371,2.482,PoolL,4,52,39,4,0.996,,,,,,,,4582.8
Llama2-13B,0.24,0.24,4582.8,True,10,22,5,2,5617.1,1.226,1348.1,4402.4,5750.5,0.946,18.311,2.371,2.482,PoolL,3,52,39,3,0.996,4xTP2/N_T24,4.0,28.0,41.12,164.5,False,,4582.8
Llama2-13B,0.25,0.25,4582.8,True,10,22,5,2,5392.4,1.177,1348.1,4402.4,5750.5,0.946,18.311,2.371,2.482,PoolL,3,52,39,3,0.996,,,,,,,,4582.8
Llama2-13B,0.26,0.26,4582.8,True,12,20,4,3,4651.2,1.015,1209.3,4402.4,5611.7,0.83,19.189,2.371,7.602,PoolL,3,52,39,3,0.996,5xTP2/N_T22,14.0,18.0,41.12,,False,,4582.8
Llama2-13B,0.27,0.27,4582.8,True,10,22,5,2,4993.0,1.09,1348.1,4402.4,5750.5,0.946,18.311,2.371,2.482,PoolL,2,52,39,2,1.135,4xTP3/N_T20,14.0,18.0,41.12,358.27,False,,4582.8
Llama2-13B,0.28,0.28,4582.8,True,10,22,5,2,4814.6,1.051,1348.1,4402.4,5750.5,0.946,18.311,2.371,2.482,PoolL,2,52,39,2,1.135,,,,,,,,4582.8
Llama2-13B,0.29,0.29,4582.8,True,10,22,5,2,4648.6,1.014,1348.1,4402.4,5750.5,0.946,18.311,2.371,2.482,PoolL,2,52,39,2,1.135,,,,,,,,4582.8
Llama2-13B,0.3,0.3,4582.8,True,12,20,6,2,5392.3,1.177,1617.7,4402.4,6020.1,0.946,19.189,2.371,2.482,PoolL,1,52,39,1,1.135,5xTP2/N_T22,4.0,28.0,41.12,205.62,False,,4582.8
Llama2-13B,0.31,0.31,4582.8,True,12,20,6,2,5218.4,1.139,1617.7,4402.4,6020.1,0.946,19.189,2.371,2.482,PoolL,1,52,39,1,1.135,,,,,,,,4582.8
Llama2-13B,0.32,0.32,4582.8,True,12,20,6,2,5055.3,1.103,1617.7,4402.4,6020.1,0.946,19.189,2.371,2.482,PoolL,1,52,39,1,1.135,,,,,,,,4582.8
Llama2-13B,0.33,0.33,4582.8,True,12,20,6,2,4902.1,1.07,1617.7,4402.4,6020.1,0.946,19.189,2.371,2.482,PoolL,1,52,39,1,1.135,,,,,,,,4582.8
Llama2-13B,0.34,0.34,4582.8,True,12,20,6,2,4757.9,1.038,1617.7,4402.4,6020.1,0.946,19.189,2.371,2.482,PoolL,1,52,39,1,1.135,,,,,,,,4582.8
Llama2-13B,0.35,0.35,4582.8,True,12,20,6,2,4622.0,1.009,1617.7,4402.4,6020.1,0.946,19.189,2.371,2.482,PoolL,1,52,39,1,1.135,,,,,,,,4582.8
Llama2-13B,0.38,0.38,4582.8,True,14,18,7,2,4602.6,1.004,1887.3,2853.6,4740.9,0.946,22.444,1.411,2.482,PoolT,4,52,39,4,0.996,6xTP2/N_T20,6.0,26.0,41.12,506.71,False,,4582.8
Llama2-13B,0.39,0.39,4582.8,True,14,18,7,2,4678.0,1.021,1887.3,2853.6,4740.9,0.946,22.444,1.411,2.482,PoolT,4,52,39,4,0.996,,,,,,,,4582.8
Llama2-13B,0.4,0.4,4582.8,True,14,18,7,2,4718.2,1.03,1887.3,2853.6,4740.9,0.946,22.444,1.411,2.482,PoolL,3,52,39,3,1.135,,,,,,,,4582.8
Llama2-13B,0.41,0.41,4582.8,True,14,18,7,2,4603.2,1.004,1887.3,2853.6,4740.9,0.946,22.444,1.411,2.482,PoolL,3,52,39,3,1.135,,,,,,,,4582.8
Llama2-13B,0.42,0.42,4582.8,True,16,16,8,2,4920.0,1.074,2156.9,2853.6,5010.5,0.946,25.513,1.411,2.482,PoolT,2,52,39,2,1.135,7xTP2/N_T18,6.0,26.0,63.3,667.0,False,,4582.8
Llama2-13B,0.43,0.43,4582.8,True,16,16,8,2,5006.3,1.092,2156.9,2853.6,5010.5,0.946,25.513,1.411,2.482,PoolT,2,52,39,2,1.135,,,,,,,,4582.8
Llama2-13B,0.44,0.44,4582.8,True,16,16,8,2,4902.0,1.07,2156.9,2853.6,5010.5,0.946,25.513,1.411,2.482,PoolL,2,52,39,2,1.135,,,,,,,,4582.8
Llama2-13B,0.45,0.45,4582.8,True,16,16,8,2,4793.1,1.046,2156.9,2853.6,5010.5,0.946,25.513,1.411,2.482,PoolL,2,52,39,2,1.135,,,,,,,,4582.8
Llama2-13B,0.46,0.46,4582.8,True,16,16,8,2,4688.9,1.023,2156.9,2853.6,5010.5,0.946,25.513,1.411,2.482,PoolL,2,52,39,2,1.135,,,,,,,,4582.8
Llama2-13B,0.47,0.47,4582.8,True,16,16,8,2,4589.1,1.001,2156.9,2853.6,5010.5,0.946,25.513,1.411,2.482,PoolL,2,52,39,2,1.135,,,,,,,,4582.8
Llama2-13B,0.48,0.48,4582.8,True,18,14,9,2,5055.2,1.103,2426.5,2853.6,5280.1,0.946,28.582,1.411,2.482,PoolL,1,52,39,1,1.135,8xTP2/N_T16,6.0,26.0,63.3,506.4,False,,4582.8
Llama2-13B,0.49,0.49,4582.8,True,18,14,9,2,4952.0,1.081,2426.5,2853.6,5280.1,0.946,28.582,1.411,2.482,PoolL,1,52,39,1,1.135,,,,,,,,4582.8
Llama2-13B,0.5,0.5,4582.8,True,18,14,9,2,4853.0,1.059,2426.5,2853.6,5280.1,0.946,28.582,1.411,2.482,PoolL,1,52,39,1,1.135,,,,,,,,4582.8
Llama2-13B,0.51,0.51,4582.8,True,18,14,9,2,4757.8,1.038,2426.5,2853.6,5280.1,0.946,28.582,1.411,2.482,PoolL,3,52,39,3,1.135,,,,,,,,4582.8
Llama2-13B,0.52,0.52,4582.8,True,18,14,9,2,4666.3,1.018,2426.5,2853.6,5280.1,0.946,28.582,1.411,2.482,PoolL,3,52,39,3,1.135,,,,,,,,4582.8
Llama2-13B,0.53,0.53,4582.8,True,20,12,10,2,4828.1,1.054,2696.2,2269.2,4965.3,0.946,32.73,1.091,2.482,PoolT,2,52,39,2,1.135,9xTP2/N_T14,14.0,18.0,63.3,1160.17,False,,4582.8
Llama2-13B,0.54,0.54,4582.8,True,20,12,10,2,4933.0,1.076,2696.2,2269.2,4965.3,0.946,32.73,1.091,2.482,PoolT,2,52,39,2,1.135,,,,,,,,4582.8
Llama2-13B,0.55,0.55,4582.8,True,20,12,10,2,4902.2,1.07,2696.2,2269.2,4965.3,0.946,32.73,1.091,2.482,PoolL,2,52,39,2,1.135,,,,,,,,4582.8
Llama2-13B,0.56,0.56,4582.8,True,20,12,10,2,4814.6,1.051,2696.2,2269.2,4965.3,0.946,32.73,1.091,2.482,PoolL,2,52,39,2,1.135,,,,,,,,4582.8
Llama2-13B,0.57,0.57,4582.8,True,20,12,10,2,4730.2,1.032,2696.2,2269.2,4965.3,0.946,32.73,1.091,2.482,PoolL,2,52,39,2,1.135,,,,,,,,4582.8
Llama2-13B,0.58,0.58,4582.8,True,20,12,10,2,4648.6,1.014,2696.2,2269.2,4965.3,0.946,32.73,1.091,2.482,PoolL,2,52,39,2,1.135,,,,,,,,4582.8
Llama2-13B,0.59,0.59,4582.8,True,22,10,11,2,5026.8,1.097,2965.8,2269.2,5235.0,0.946,37.229,1.091,2.482,PoolL,1,52,39,1,1.135,10xTP2/N_T12,8.0,24.0,79.89,798.98,False,,4582.8
Llama2-13B,0.6,0.6,4582.8,True,22,10,11,2,4943.0,1.079,2965.8,2269.2,5235.0,0.946,37.229,1.091,2.482,PoolL,1,52,39,1,1.135,,,,,,,,4582.8
Llama2-13B,0.61,0.61,4582.8,True,22,10,11,2,4862.0,1.061,2965.8,2269.2,5235.0,0.946,37.229,1.091,2.482,PoolL,1,52,39,1,1.135,,,,,,,,4582.8
Llama2-13B,0.62,0.62,4582.8,True,22,10,11,2,4783.5,1.044,2965.8,2269.2,5235.0,0.946,37.229,1.091,2.482,PoolL,1,52,39,1,1.135,,,,,,,,4582.8
Llama2-13B,0.63,0.63,4582.8,True,22,10,11,2,4707.6,1.027,2965.8,2269.2,5235.0,0.946,37.229,1.091,2.482,PoolL,1,52,39,1,1.135,,,,,,,,4582.8
Llama2-13B,0.64,0.64,4582.8,True,22,10,11,2,4634.1,1.011,2965.8,2269.2,5235.0,0.946,37.229,1.091,2.482,PoolL,1,52,39,1,1.135,,,,,,,,4582.8
Llama2-70B,0.02,0.02,191.3,True,9,23,1,9,1031.5,5.392,107.4,1010.9,1118.2,2.143,152.751,1.925,12.419,PoolT,8,8,8,8,2.269,,,,,,,,191.3
Llama2-70B,0.03,0.03,191.3,True,9,23,1,9,1042.2,5.448,107.4,1010.9,1118.2,2.143,152.751,1.925,12.419,PoolT,8,8,8,8,2.269,,,,,,,,191.3
Llama2-70B,0.04,0.04,191.3,True,9,23,1,9,1053.0,5.504,107.4,1010.9,1118.2,2.143,152.751,1.925,12.419,PoolT,8,8,8,8,2.269,,,,,,,,191.3
Llama2-70B,0.05,0.05,191.3,True,9,23,1,9,1064.1,5.562,107.4,1010.9,1118.2,2.143,152.751,1.925,12.419,PoolT,8,8,8,8,2.269,,,,,,,,191.3
Llama2-70B,0.06,0.06,191.3,True,9,23,1,9,1075.4,5.622,107.4,1010.9,1118.2,2.143,152.751,1.925,12.419,PoolT,8,8,8,8,2.269,,,,,,,,191.3
Llama2-70B,0.07,0.07,191.3,True,9,23,1,9,1087.0,5.682,107.4,1010.9,1118.2,2.143,152.751,1.925,12.419,PoolT,8,8,8,8,2.269,,,,,,,,191.3
Llama2-70B,0.08,0.08,191.3,True,9,23,1,9,1098.8,5.744,107.4,1010.9,1118.2,2.143,152.751,1.925,12.419,PoolT,8,8,8,8,2.269,,,,,,,,191.3
Llama2-70B,0.09,0.09,191.3,True,9,23,1,9,1110.9,5.807,107.4,1010.9,1118.2,2.143,152.751,1.925,12.419,PoolT,8,8,8,8,2.269,,,,,,,,191.3
Llama2-70B,0.1,0.1,191.3,True,9,23,1,9,1074.0,5.614,107.4,1010.9,1118.2,2.143,152.751,1.925,12.419,PoolL,8,8,8,8,2.269,,,,,,,,191.3
Llama2-70B,0.11,0.11,191.3,True,9,23,1,9,976.4,5.104,107.4,1010.9,1118.2,2.143,152.751,1.925,12.419,PoolL,8,8,8,8,2.269,,,,,,,,191.3
Llama2-70B,0.12,0.12,191.3,True,9,23,1,9,895.0,4.678,107.4,1010.9,1118.2,2.143,152.751,1.925,12.419,PoolL,8,8,8,8,2.269,,,,,,,,191.3
Llama2-70B,0.13,0.13,191.3,True,9,23,1,9,826.2,4.319,107.4,1010.9,1118.2,2.143,152.751,1.925,12.419,PoolL,8,8,8,8,2.269,,,,,,,,191.3
Llama2-70B,0.14,0.14,191.3,True,9,23,1,9,767.1,4.01,107.4,1010.9,1118.2,2.143,152.751,1.925,12.419,PoolL,8,8,8,8,2.269,,,,,,,,191.3
Llama2-70B,0.15,0.15,191.3,True,9,23,1,9,716.0,3.743,107.4,1010.9,1118.2,2.143,152.751,1.925,12.419,PoolL,8,8,8,8,2.269,,,,,,,,191.3
Llama2-70B,0.16,0.16,191.3,True,9,23,1,9,671.2,3.509,107.4,1010.9,1118.2,2.143,152.751,1.925,12.419,PoolL,8,8,8,8,2.269,,,,,,,,191.3
Llama2-70B,0.17,0.17,191.3,True,9,23,1,9,631.8,3.302,107.4,1010.9,1118.2,2.143,152.751,1.925,12.419,PoolL,8,8,8,8,2.269,,,,,,,,191.3
Llama2-70B,0.18,0.18,191.3,True,9,23,1,9,596.7,3.119,107.4,1010.9,1118.2,2.143,152.751,1.925,12.419,PoolL,8,8,8,8,2.269,,,,,,,,191.3
Llama2-70B,0.19,0.19,191.3,True,9,23,1,9,565.3,2.955,107.4,1010.9,1118.2,2.143,152.751,1.925,12.419,PoolL,8,8,8,8,2.269,,,,,,,,191.3
Llama2-70B,0.2,0.2,191.3,True,9,23,1,9,537.0,2.807,107.4,1010.9,1118.2,2.143,152.751,1.925,12.419,PoolL,8,8,8,8,2.269,,,,,,,,191.3
Llama2-70B,0.21,0.21,191.3,True,9,23,1,9,511.4,2.673,107.4,1010.9,1118.2,2.143,152.751,1.925,12.419,PoolL,8,8,8,8,2.269,,,,,,,,191.3
Llama2-70B,0.22,0.22,191.3,True,9,23,1,9,488.2,2.552,107.4,1010.9,1118.2,2.143,152.751,1.925,12.419,PoolL,8,8,8,8,2.269,,,,,,,,191.3
Llama2-70B,0.23,0.23,191.3,True,9,23,1,9,467.0,2.441,107.4,1010.9,1118.2,2.143,152.751,1.925,12.419,PoolL,8,8,8,8,2.269,,,,,,,,191.3
Llama2-70B,0.24,0.24,191.3,True,9,23,1,9,447.5,2.339,107.4,1010.9,1118.2,2.143,152.751,1.925,12.419,PoolL,8,8,8,8,2.269,,,,,,,,191.3
Llama2-70B,0.25,0.25,191.3,True,9,23,1,9,429.6,2.246,107.4,1010.9,1118.2,2.143,152.751,1.925,12.419,PoolL,8,8,8,8,2.269,,,,,,,,191.3
Llama2-70B,0.26,0.26,191.3,True,9,23,1,9,413.1,2.159,107.4,1010.9,1118.2,2.143,152.751,1.925,12.419,PoolL,8,8,8,8,2.269,,,,,,,,191.3
Llama2-70B,0.27,0.27,191.3,True,9,23,1,9,397.8,2.079,107.4,1010.9,1118.2,2.143,152.751,1.925,12.419,PoolL,8,8,8,8,2.269,,,,,,,,191.3
Llama2-70B,0.28,0.28,191.3,True,9,23,1,9,383.6,2.005,107.4,1010.9,1118.2,2.143,152.751,1.925,12.419,PoolL,8,8,8,8,2.269,,,,,,,,191.3
Llama2-70B,0.29,0.29,191.3,True,9,23,1,9,370.3,1.936,107.4,1010.9,1118.2,2.143,152.751,1.925,12.419,PoolL,8,8,8,8,2.269,,,,,,,,191.3
Llama2-70B,0.3,0.3,191.3,True,9,23,1,9,358.0,1.871,107.4,1010.9,1118.2,2.143,152.751,1.925,12.419,PoolL,8,8,8,8,2.269,,,,,,,,191.3
Llama2-70B,0.31,0.31,191.3,True,9,23,1,9,346.5,1.811,107.4,1010.9,1118.2,2.143,152.751,1.925,12.419,PoolL,8,8,8,8,2.269,,,,,,,,191.3
Llama2-70B,0.32,0.32,191.3,True,9,23,1,9,335.6,1.754,107.4,1010.9,1118.2,2.143,152.751,1.925,12.419,PoolL,8,8,8,8,2.269,,,,,,,,191.3
Llama2-70B,0.33,0.33,191.3,True,9,23,1,9,325.5,1.701,107.4,1010.9,1118.2,2.143,152.751,1.925,12.419,PoolL,8,8,8,8,2.269,,,,,,,,191.3
Llama2-70B,0.34,0.34,191.3,True,9,23,1,9,315.9,1.651,107.4,1010.9,1118.2,2.143,152.751,1.925,12.419,PoolL,8,8,8,8,2.269,,,,,,,,191.3
Llama2-70B,0.35,0.35,191.3,True,9,23,1,9,306.9,1.604,107.4,1010.9,1118.2,2.143,152.751,1.925,12.419,PoolL,8,8,8,8,2.269,,,,,,,,191.3
Llama2-70B,0.36,0.36,191.3,True,9,23,1,9,298.3,1.559,107.4,1010.9,1118.2,2.143,152.751,1.925,12.419,PoolL,8,8,8,8,2.269,,,,,,,,191.3
Llama2-70B,0.37,0.37,191.3,True,9,23,1,9,290.3,1.517,107.4,1010.9,1118.2,2.143,152.751,1.925,12.419,PoolL,8,8,8,8,2.269,,,,,,,,191.3
Llama2-70B,0.38,0.38,191.3,True,9,23,1,9,282.6,1.477,107.4,1010.9,1118.2,2.143,152.751,1.925,12.419,PoolL,8,8,8,8,2.269,,,,,,,,191.3
Llama2-70B,0.39,0.39,191.3,True,9,23,1,9,275.4,1.44,107.4,1010.9,1118.2,2.143,152.751,1.925,12.419,PoolL,8,8,8,8,2.269,,,,,,,,191.3
Llama2-70B,0.4,0.4,191.3,True,9,23,1,9,268.5,1.404,107.4,1010.9,1118.2,2.143,152.751,1.925,12.419,PoolL,8,8,8,8,2.269,,,,,,,,191.3
Llama2-70B,0.41,0.41,191.3,True,9,23,1,9,262.0,1.369,107.4,1010.9,1118.2,2.143,152.751,1.925,12.419,PoolL,8,8,8,8,2.269,,,,,,,,191.3
Llama2-70B,0.42,0.42,191.3,True,9,23,1,9,255.7,1.337,107.4,1010.9,1118.2,2.143,152.751,1.925,12.419,PoolL,8,8,8,8,2.269,,,,,,,,191.3
Llama2-70B,0.43,0.43,191.3,True,9,23,1,9,249.8,1.306,107.4,1010.9,1118.2,2.143,152.751,1.925,12.419,PoolL,8,8,8,8,2.269,,,,,,,,191.3
Llama2-70B,0.44,0.44,191.3,True,9,23,1,9,244.1,1.276,107.4,1010.9,1118.2,2.143,152.751,1.925,12.419,PoolL,8,8,8,8,2.269,,,,,,,,191.3
Llama2-70B,0.45,0.45,191.3,True,9,23,1,9,238.7,1.248,107.4,1010.9,1118.2,2.143,152.751,1.925,12.419,PoolL,8,8,8,8,2.269,,,,,,,,191.3
Llama2-70B,0.46,0.46,191.3,True,9,23,1,9,233.5,1.22,107.4,1010.9,1118.2,2.143,152.751,1.925,12.419,PoolL,8,8,8,8,2.269,,,,,,,,191.3
Llama2-70B,0.47,0.47,191.3,True,9,23,1,9,228.5,1.194,107.4,1010.9,1118.2,2.143,152.751,1.925,12.419,PoolL,8,8,8,8,2.269,,,,,,,,191.3
Llama2-70B,0.48,0.48,191.3,True,9,23,1,9,223.8,1.17,107.4,1010.9,1118.2,2.143,152.751,1.925,12.419,PoolL,8,8,8,8,2.269,,,,,,,,191.3
Llama2-70B,0.49,0.49,191.3,True,9,23,1,9,219.2,1.146,107.4,1010.9,1118.2,2.143,152.751,1.925,12.419,PoolL,8,8,8,8,2.269,,,,,,,,191.3
Llama2-70B,0.5,0.5,191.3,True,9,23,1,9,214.8,1.123,107.4,1010.9,1118.2,2.143,152.751,1.925,12.419,PoolL,8,8,8,8,2.269,,,,,,,,191.3
Llama2-70B,0.51,0.51,191.3,True,9,23,1,9,210.6,1.101,107.4,1010.9,1118.2,2.143,152.751,1.925,12.419,PoolL,8,8,8,8,2.269,,,,,,,,191.3
Llama2-70B,0.52,0.52,191.3,True,9,23,1,9,206.5,1.08,107.4,1010.9,1118.2,2.143,152.751,1.925,12.419,PoolL,8,8,8,8,2.269,,,,,,,,191.3
Llama2-70B,0.53,0.53,191.3,True,9,23,1,9,202.6,1.059,107.4,1010.9,1118.2,2.143,152.751,1.925,12.419,PoolL,8,8,8,8,2.269,,,,,,,,191.3
Llama2-70B,0.54,0.54,191.3,True,9,23,1,9,198.9,1.04,107.4,1010.9,1118.2,2.143,152.751,1.925,12.419,PoolL,8,8,8,8,2.269,,,,,,,,191.3
Llama2-70B,0.55,0.55,191.3,True,9,23,1,9,195.3,1.021,107.4,1010.9,1118.2,2.143,152.751,1.925,12.419,PoolL,8,8,8,8,2.269,,,,,,,,191.3
Llama2-70B,0.56,0.56,191.3,True,10,22,1,10,194.8,1.018,109.1,1010.9,1120.0,2.096,157.549,1.925,25.219,PoolL,8,8,8,8,2.269,1xTP9/N_T23,13.0,19.0,348.19,21997.57,False,,191.3
Llama2-70B,0.57,0.57,191.3,True,10,22,1,10,191.4,1.001,109.1,1010.9,1120.0,2.096,157.549,1.925,25.219,PoolL,6,8,8,6,2.269,,,,,,,,191.3
Llama2-70B,0.58,0.58,191.3,True,14,18,1,14,192.8,1.008,111.8,756.2,868.0,2.025,195.459,1.125,76.419,PoolL,3,8,8,3,2.269,1xTP10/N_T22,28.0,4.0,348.19,14069.56,False,,191.3
Llama2-70B,0.59,0.59,191.3,True,16,16,1,16,198.8,1.039,117.3,756.2,873.5,1.891,223.435,1.125,102.019,PoolL,1,8,8,1,2.269,1xTP14/N_T18,24.0,8.0,465.34,9459.09,False,,191.3
Llama2-70B,0.6,0.6,191.3,True,16,16,1,16,195.5,1.022,117.3,756.2,873.5,1.891,223.435,1.125,102.019,PoolL,1,8,8,1,2.269,,,,,,,,191.3
Llama2-70B,0.61,0.61,191.3,True,16,16,1,16,192.3,1.005,117.3,756.2,873.5,1.891,223.435,1.125,102.019,PoolL,1,8,8,1,2.269,,,,,,,,191.3
