Model,series,PP,TP,ttft_s,tput,alpha,N_L,N_T,n_instances,lambda_tok_s
Llama2-7B,cent32static,1,32,0.40127452443749995,601.5084855901322,,,,,
Llama2-7B,cent32static,2,16,0.39779980217187494,1210.926115912572,,,,,
Llama2-7B,cent32static,4,8,0.403623445453125,2395.457280407654,,,,,
Llama2-7B,cent32static,8,4,0.4575598483437499,4316.668939252149,,,,,
Llama2-7B,cent32static,16,2,0.56203142553125,7218.353349997859,,,,,
Llama2-7B,cent32static,32,1,0.718058015296875,11505.425876953073,,,,,
Llama2-7B,native,1,8,0.403623445453125,598.8643201019134,,,,,
Llama2-7B,native,2,4,0.4575598483437499,1079.1672348130373,,,,,
Llama2-7B,native,4,2,0.56203142553125,1804.5883374994648,,,,,
Llama2-7B,native,8,1,0.78212593990625,2683.205316725813,,,,,
Llama2-7B,native,32,1,2.478022399296875,3234.5172792768903,,,,,
Llama2-7B,dda,,2,0.562,6239.1,0.11,4.0,28.0,2.0,7006.8
Llama2-7B,dda,,2,0.562,6239.1,0.12,4.0,28.0,2.0,7006.8
Llama2-7B,dda,,1,0.782,6239.1,0.13,3.0,29.0,3.0,7006.8
Llama2-7B,dda,,1,0.782,6239.1,0.14,3.0,29.0,3.0,7006.8
Llama2-7B,dda,,2,0.562,6239.1,0.15,6.0,26.0,3.0,7006.8
Llama2-7B,dda,,2,0.562,6239.1,0.16,6.0,26.0,3.0,7006.8
Llama2-7B,dda,,2,0.562,6239.1,0.17,6.0,26.0,3.0,7006.8
Llama2-7B,dda,,2,0.562,6239.1,0.18,6.0,26.0,3.0,7006.8
Llama2-7B,dda,,2,0.562,6239.1,0.19,6.0,26.0,3.0,7006.8
Llama2-7B,dda,,2,0.562,6239.1,0.2,8.0,24.0,4.0,7006.8
Llama2-7B,dda,,2,0.562,6239.1,0.21,8.0,24.0,4.0,7006.8
Llama2-7B,dda,,2,0.562,6239.1,0.22,8.0,24.0,4.0,7006.8
Llama2-7B,dda,,2,0.562,6239.1,0.23,8.0,24.0,4.0,7006.8
Llama2-7B,dda,,2,0.562,6239.1,0.24,8.0,24.0,4.0,7006.8
Llama2-7B,dda,,2,0.562,6239.1,0.25,8.0,24.0,4.0,7006.8
Llama2-7B,dda,,2,0.562,6239.1,0.26,10.0,22.0,5.0,7006.8
Llama2-7B,dda,,2,0.562,6239.1,0.27,10.0,22.0,5.0,7006.8
Llama2-7B,dda,,2,0.562,6239.1,0.28,10.0,22.0,5.0,7006.8
Llama2-7B,dda,,2,0.562,6239.1,0.29,10.0,22.0,5.0,7006.8
Llama2-7B,dda,,2,0.562,6239.1,0.3,10.0,22.0,5.0,7006.8
Llama2-7B,dda,,2,0.562,6239.1,0.31,10.0,22.0,5.0,7006.8
Llama2-7B,dda,,2,0.562,6239.1,0.32,10.0,22.0,5.0,7006.8
Llama2-7B,dda,,2,0.562,6239.1,0.33,12.0,20.0,6.0,7006.8
Llama2-7B,dda,,2,0.562,6239.1,0.34,12.0,20.0,6.0,7006.8
Llama2-7B,dda,,2,0.562,6239.1,0.35,12.0,20.0,6.0,7006.8
Llama2-7B,dda,,2,0.562,6239.1,0.36,12.0,20.0,6.0,7006.8
Llama2-7B,dda,,2,0.562,6239.1,0.37,12.0,20.0,6.0,7006.8
Llama2-7B,dda,,2,0.562,6239.1,0.38,12.0,20.0,6.0,7006.8
Llama2-7B,dda,,2,0.562,6239.1,0.39,14.0,18.0,7.0,7006.8
Llama2-7B,dda,,2,0.562,6239.1,0.4,14.0,18.0,7.0,7006.8
Llama2-7B,dda,,2,0.562,6239.1,0.41,14.0,18.0,7.0,7006.8
Llama2-7B,dda,,2,0.562,6239.1,0.42,14.0,18.0,7.0,7006.8
Llama2-7B,dda,,2,0.562,6239.1,0.43,14.0,18.0,7.0,7006.8
Llama2-7B,dda,,2,0.562,6239.1,0.44,14.0,18.0,7.0,7006.8
Llama2-7B,dda,,2,0.562,6239.1,0.45,14.0,18.0,7.0,7006.8
Llama2-7B,dda,,2,0.562,6239.1,0.46,16.0,16.0,8.0,7006.8
Llama2-7B,dda,,2,0.562,6239.1,0.47,16.0,16.0,8.0,7006.8
Llama2-7B,dda,,2,0.562,6239.1,0.48,16.0,16.0,8.0,7006.8
Llama2-7B,dda,,2,0.562,6239.1,0.49,16.0,16.0,8.0,7006.8
Llama2-7B,dda,,2,0.562,6239.1,0.5,16.0,16.0,8.0,7006.8
Llama2-7B,dda,,2,0.562,6239.1,0.51,16.0,16.0,8.0,7006.8
Llama2-7B,dda,,2,0.562,3991.7,0.52,18.0,14.0,9.0,7006.8
Llama2-7B,dda,,2,0.562,3991.7,0.53,18.0,14.0,9.0,7006.8
Llama2-7B,dda,,2,0.562,3991.7,0.54,18.0,14.0,9.0,7006.8
Llama2-7B,dda,,2,0.562,3991.7,0.55,18.0,14.0,9.0,7006.8
Llama2-7B,dda,,2,0.562,3991.7,0.56,18.0,14.0,9.0,7006.8
Llama2-7B,dda,,2,0.562,3991.7,0.57,18.0,14.0,9.0,7006.8
Llama2-7B,dda,,1,0.782,6239.1,0.58,13.0,19.0,13.0,7006.8
Llama2-7B,dda,,2,0.562,3991.7,0.59,20.0,12.0,10.0,7006.8
Llama2-7B,dda,,2,0.562,3991.7,0.6,20.0,12.0,10.0,7006.8
Llama2-7B,dda,,2,0.562,3991.7,0.61,20.0,12.0,10.0,7006.8
Llama2-7B,dda,,2,0.562,3991.7,0.62,20.0,12.0,10.0,7006.8
Llama2-7B,dda,,2,0.562,3991.7,0.63,20.0,12.0,10.0,7006.8
Llama2-7B,dda,,2,0.562,3991.7,0.64,20.0,12.0,10.0,7006.8
Llama2-7B,dda,,1,0.782,6239.1,0.65,14.0,18.0,14.0,7006.8
Llama2-7B,dda,,2,0.562,3234.5,0.66,22.0,10.0,11.0,7006.8
Llama2-7B,dda,,2,0.562,3234.5,0.67,22.0,10.0,11.0,7006.8
Llama2-7B,dda,,2,0.562,3234.5,0.68,22.0,10.0,11.0,7006.8
Llama2-7B,dda,,2,0.562,3234.5,0.69,22.0,10.0,11.0,7006.8
Llama2-7B,dda,,2,0.562,3234.5,0.7,22.0,10.0,11.0,7006.8
Llama2-7B,dda,,1,0.782,6239.1,0.71,15.0,17.0,15.0,7006.8
Llama2-7B,dda,,2,0.562,3234.5,0.72,24.0,8.0,12.0,7006.8
Llama2-7B,dda,,2,0.562,3234.5,0.73,24.0,8.0,12.0,7006.8
Llama2-7B,dda,,2,0.562,3234.5,0.74,24.0,8.0,12.0,7006.8
Llama2-7B,dda,,2,0.562,3234.5,0.75,24.0,8.0,12.0,7006.8
Llama2-7B,dda,,2,0.562,3234.5,0.76,24.0,8.0,12.0,7006.8
Llama2-7B,dda,,2,0.562,3234.5,0.77,24.0,8.0,12.0,7006.8
Llama2-7B,dda,,1,0.782,3991.7,0.78,17.0,15.0,17.0,7006.8
Llama2-7B,dda,,2,0.562,2052.2,0.79,26.0,6.0,13.0,7006.8
Llama2-7B,dda,,2,0.562,2052.2,0.8,26.0,6.0,13.0,7006.8
Llama2-7B,dda,,2,0.562,2052.2,0.81,26.0,6.0,13.0,7006.8
Llama2-7B,dda,,2,0.562,2052.2,0.82,26.0,6.0,13.0,7006.8
Llama2-7B,dda,,2,0.562,2052.2,0.83,26.0,6.0,13.0,7006.8
Llama2-7B,dda,,1,0.782,3991.7,0.84,18.0,14.0,18.0,7006.8
Llama2-7B,dda,,1,0.782,3991.7,0.85,18.0,14.0,18.0,7006.8
Llama2-7B,dda,,1,0.782,3991.7,0.86,18.0,14.0,18.0,7006.8
Llama2-7B,dda,,1,0.782,3991.7,0.87,19.0,13.0,19.0,7006.8
Llama2-7B,dda,,1,0.782,3991.7,0.88,19.0,13.0,19.0,7006.8
Llama2-7B,dda,,1,0.782,3991.7,0.89,19.0,13.0,19.0,7006.8
Llama2-7B,dda,,1,0.782,3991.7,0.9,19.0,13.0,19.0,7006.8
Llama2-7B,dda,,1,0.782,3991.7,0.91,20.0,12.0,20.0,7006.8
Llama2-7B,dda,,1,0.782,3991.7,0.92,20.0,12.0,20.0,7006.8
Llama2-7B,dda,,1,0.782,3991.7,0.93,20.0,12.0,20.0,7006.8
Llama2-7B,dda,,1,0.782,3991.7,0.94,20.0,12.0,20.0,7006.8
Llama2-7B,dda,,1,0.782,3991.7,0.95,20.0,12.0,20.0,7006.8
Llama2-7B,dda,,1,0.782,3991.7,0.96,21.0,11.0,21.0,7006.8
Llama2-7B,dda,,1,0.782,3991.7,0.97,21.0,11.0,21.0,7006.8
Llama2-7B,dda,,1,0.782,3991.7,0.98,21.0,11.0,21.0,7006.8
Llama2-13B,cent32static,1,32,0.5875442648242186,398.63689226474986,,,,,
Llama2-13B,cent32static,2,16,0.5974110189257812,787.5931517471678,,,,,
Llama2-13B,cent32static,4,8,0.6674049476757813,1450.2668042419944,,,,,
Llama2-13B,cent32static,8,4,0.7554553599218748,2617.3252219227766,,,,,
Llama2-13B,cent32static,40,1,2.362201602617188,4402.443660441906,,,,,
Llama2-13B,native,1,20,0.5977924886523437,393.6117979244342,,,,,
Llama2-13B,native,2,10,0.6074625730273436,777.9699849490536,,,,,
Llama2-13B,native,4,5,0.6920916274609374,1404.1918454663025,,,,,
Llama2-13B,native,5,4,0.7554553599218748,1635.8282637017353,,,,,
Llama2-13B,native,10,2,0.9458217100976563,2696.160729171624,,,,,
Llama2-13B,native,20,1,1.3672483933984374,3886.1593069066894,,,,,
Llama2-13B,native,40,1,2.362201602617188,4402.443660441906,,,,,
Llama2-13B,dda,,2,0.946,4402.4,0.02,2.0,30.0,1.0,3318.6
Llama2-13B,dda,,2,0.946,4402.4,0.03,2.0,30.0,1.0,3318.6
Llama2-13B,dda,,2,0.946,4402.4,0.04,2.0,30.0,1.0,3318.6
Llama2-13B,dda,,2,0.946,4402.4,0.05,2.0,30.0,1.0,3318.6
Llama2-13B,dda,,2,0.946,4402.4,0.06,2.0,30.0,1.0,3318.6
Llama2-13B,dda,,2,0.946,4402.4,0.07,2.0,30.0,1.0,3318.6
Llama2-13B,dda,,2,0.946,4402.4,0.08,2.0,30.0,1.0,3318.6
Llama2-13B,dda,,3,0.83,4402.4,0.09,3.0,29.0,1.0,3318.6
Llama2-13B,dda,,5,0.692,4402.4,0.1,5.0,27.0,1.0,3318.6
Llama2-13B,dda,,2,0.946,4402.4,0.11,4.0,28.0,2.0,3318.6
Llama2-13B,dda,,2,0.946,4402.4,0.12,4.0,28.0,2.0,3318.6
Llama2-13B,dda,,2,0.946,4402.4,0.13,4.0,28.0,2.0,3318.6
Llama2-13B,dda,,2,0.946,4402.4,0.14,4.0,28.0,2.0,3318.6
Llama2-13B,dda,,2,0.946,4402.4,0.15,4.0,28.0,2.0,3318.6
Llama2-13B,dda,,2,0.946,4402.4,0.16,4.0,28.0,2.0,3318.6
Llama2-13B,dda,,3,0.83,4402.4,0.17,6.0,26.0,2.0,3318.6
Llama2-13B,dda,,3,0.83,4402.4,0.18,6.0,26.0,2.0,3318.6
Llama2-13B,dda,,4,0.755,4402.4,0.19,8.0,24.0,2.0,3318.6
Llama2-13B,dda,,2,0.946,4402.4,0.2,6.0,26.0,3.0,3318.6
Llama2-13B,dda,,2,0.946,4402.4,0.21,6.0,26.0,3.0,3318.6
Llama2-13B,dda,,2,0.946,4402.4,0.22,6.0,26.0,3.0,3318.6
Llama2-13B,dda,,2,0.946,4402.4,0.23,6.0,26.0,3.0,3318.6
Llama2-13B,dda,,2,0.946,4402.4,0.24,6.0,26.0,3.0,3318.6
Llama2-13B,dda,,3,0.83,4402.4,0.25,9.0,23.0,3.0,3318.6
Llama2-13B,dda,,3,0.83,4402.4,0.26,9.0,23.0,3.0,3318.6
Llama2-13B,dda,,3,0.83,4402.4,0.27,9.0,23.0,3.0,3318.6
Llama2-13B,dda,,4,0.755,4402.4,0.28,12.0,20.0,3.0,3318.6
Llama2-13B,dda,,4,0.755,4402.4,0.29,12.0,20.0,3.0,3318.6
Llama2-13B,dda,,2,0.946,4402.4,0.3,8.0,24.0,4.0,3318.6
Llama2-13B,dda,,2,0.946,4402.4,0.31,8.0,24.0,4.0,3318.6
Llama2-13B,dda,,2,0.946,4402.4,0.32,8.0,24.0,4.0,3318.6
Llama2-13B,dda,,3,0.83,4402.4,0.33,12.0,20.0,4.0,3318.6
Llama2-13B,dda,,3,0.83,4402.4,0.34,12.0,20.0,4.0,3318.6
Llama2-13B,dda,,3,0.83,4402.4,0.35,12.0,20.0,4.0,3318.6
Llama2-13B,dda,,3,0.83,4402.4,0.36,12.0,20.0,4.0,3318.6
Llama2-13B,dda,,2,0.946,4402.4,0.37,10.0,22.0,5.0,3318.6
Llama2-13B,dda,,2,0.946,4402.4,0.38,10.0,22.0,5.0,3318.6
Llama2-13B,dda,,2,0.946,4402.4,0.39,10.0,22.0,5.0,3318.6
Llama2-13B,dda,,2,0.946,4402.4,0.4,10.0,22.0,5.0,3318.6
Llama2-13B,dda,,2,0.946,4402.4,0.41,12.0,20.0,6.0,3318.6
Llama2-13B,dda,,2,0.946,4402.4,0.42,12.0,20.0,6.0,3318.6
Llama2-13B,dda,,2,0.946,4402.4,0.43,12.0,20.0,6.0,3318.6
Llama2-13B,dda,,2,0.946,4402.4,0.44,12.0,20.0,6.0,3318.6
Llama2-13B,dda,,2,0.946,4402.4,0.45,12.0,20.0,6.0,3318.6
Llama2-13B,dda,,2,0.946,4402.4,0.46,12.0,20.0,6.0,3318.6
Llama2-13B,dda,,2,0.946,4402.4,0.47,12.0,20.0,6.0,3318.6
Llama2-13B,dda,,2,0.946,4402.4,0.48,12.0,20.0,6.0,3318.6
Llama2-13B,dda,,2,0.946,2853.6,0.49,14.0,18.0,7.0,3318.6
Llama2-13B,dda,,2,0.946,2853.6,0.5,14.0,18.0,7.0,3318.6
Llama2-13B,dda,,2,0.946,2853.6,0.51,14.0,18.0,7.0,3318.6
Llama2-13B,dda,,2,0.946,2853.6,0.52,14.0,18.0,7.0,3318.6
Llama2-13B,dda,,2,0.946,2853.6,0.53,14.0,18.0,7.0,3318.6
Llama2-13B,dda,,2,0.946,2853.6,0.54,14.0,18.0,7.0,3318.6
Llama2-13B,dda,,2,0.946,2853.6,0.55,14.0,18.0,7.0,3318.6
Llama2-13B,dda,,2,0.946,2853.6,0.56,14.0,18.0,7.0,3318.6
Llama2-13B,dda,,2,0.946,2853.6,0.57,16.0,16.0,8.0,3318.6
Llama2-13B,dda,,2,0.946,2853.6,0.58,16.0,16.0,8.0,3318.6
Llama2-13B,dda,,2,0.946,2853.6,0.59,16.0,16.0,8.0,3318.6
Llama2-13B,dda,,2,0.946,2853.6,0.6,16.0,16.0,8.0,3318.6
Llama2-13B,dda,,2,0.946,2853.6,0.61,16.0,16.0,8.0,3318.6
Llama2-13B,dda,,2,0.946,2853.6,0.62,16.0,16.0,8.0,3318.6
Llama2-13B,dda,,2,0.946,2853.6,0.63,16.0,16.0,8.0,3318.6
Llama2-13B,dda,,2,0.946,2853.6,0.64,16.0,16.0,8.0,3318.6
Llama2-13B,dda,,2,0.946,2853.6,0.65,18.0,14.0,9.0,3318.6
Llama2-13B,dda,,2,0.946,2853.6,0.66,18.0,14.0,9.0,3318.6
Llama2-13B,dda,,2,0.946,2853.6,0.67,18.0,14.0,9.0,3318.6
Llama2-13B,dda,,2,0.946,2853.6,0.68,18.0,14.0,9.0,3318.6
Llama2-13B,dda,,2,0.946,2853.6,0.69,18.0,14.0,9.0,3318.6
Llama2-13B,dda,,2,0.946,2853.6,0.7,18.0,14.0,9.0,3318.6
Llama2-13B,dda,,2,0.946,2853.6,0.71,18.0,14.0,9.0,3318.6
Llama2-13B,dda,,2,0.946,2853.6,0.72,18.0,14.0,9.0,3318.6
Llama2-13B,dda,,2,0.946,2853.6,0.73,18.0,14.0,9.0,3318.6
Llama2-13B,dda,,2,0.946,2269.2,0.74,20.0,12.0,10.0,3318.6
Llama2-13B,dda,,2,0.946,2269.2,0.75,20.0,12.0,10.0,3318.6
Llama2-13B,dda,,2,0.946,2269.2,0.76,20.0,12.0,10.0,3318.6
Llama2-13B,dda,,2,0.946,2269.2,0.77,20.0,12.0,10.0,3318.6
Llama2-13B,dda,,2,0.946,2269.2,0.78,20.0,12.0,10.0,3318.6
Llama2-13B,dda,,2,0.946,2269.2,0.79,20.0,12.0,10.0,3318.6
Llama2-13B,dda,,2,0.946,2269.2,0.8,20.0,12.0,10.0,3318.6
Llama2-13B,dda,,2,0.946,2269.2,0.81,20.0,12.0,10.0,3318.6
Llama2-13B,dda,,2,0.946,2269.2,0.82,22.0,10.0,11.0,3318.6
Llama2-13B,dda,,2,0.946,2269.2,0.83,22.0,10.0,11.0,3318.6
Llama2-13B,dda,,2,0.946,2269.2,0.84,22.0,10.0,11.0,3318.6
Llama2-13B,dda,,2,0.946,2269.2,0.85,22.0,10.0,11.0,3318.6
Llama2-13B,dda,,2,0.946,2269.2,0.86,22.0,10.0,11.0,3318.6
Llama2-13B,dda,,2,0.946,2269.2,0.87,22.0,10.0,11.0,3318.6
Llama2-13B,dda,,2,0.946,2269.2,0.88,22.0,10.0,11.0,3318.6
Llama2-13B,dda,,2,0.946,2269.2,0.89,22.0,10.0,11.0,3318.6
Llama2-70B,cent32static,1,32,1.80897638875,120.93847549390112,,,,,
Llama2-70B,cent32static,2,16,1.8906673596874999,234.63296505726404,,,,,
Llama2-70B,cent32static,4,8,2.13561078265625,430.59833327066826,,,,,
Llama2-70B,cent32static,8,4,2.70114264890625,719.1107182641175,,,,,
Llama2-70B,cent32static,16,2,3.839420520859375,1077.4137112567607,,,,,
Llama2-70B,cent32static,80,1,17.820087036484374,1251.8668680204723,,,,,
Llama2-70B,native,1,32,1.80897638875,120.93847549390112,,,,,
Llama2-70B,native,2,16,1.8906673596874999,234.63296505726404,,,,,
Llama2-70B,native,4,8,2.13561078265625,430.59833327066826,,,,,
Llama2-70B,native,8,4,2.70114264890625,719.1107182641175,,,,,
Llama2-70B,native,16,2,3.839420520859375,1077.4137112567607,,,,,
Llama2-70B,native,80,1,17.820087036484374,1251.8668680204723,,,,,
Llama2-70B,dda,,9,2.143,1010.9,0.02,9.0,23.0,1.0,117.7
Llama2-70B,dda,,9,2.143,1010.9,0.03,9.0,23.0,1.0,117.7
Llama2-70B,dda,,9,2.143,1010.9,0.04,9.0,23.0,1.0,117.7
Llama2-70B,dda,,9,2.143,1010.9,0.05,9.0,23.0,1.0,117.7
Llama2-70B,dda,,9,2.143,1010.9,0.06,9.0,23.0,1.0,117.7
Llama2-70B,dda,,9,2.143,1010.9,0.07,9.0,23.0,1.0,117.7
Llama2-70B,dda,,9,2.143,1010.9,0.08,9.0,23.0,1.0,117.7
Llama2-70B,dda,,9,2.143,1010.9,0.09,9.0,23.0,1.0,117.7
Llama2-70B,dda,,9,2.143,1010.9,0.1,9.0,23.0,1.0,117.7
Llama2-70B,dda,,9,2.143,1010.9,0.11,9.0,23.0,1.0,117.7
Llama2-70B,dda,,9,2.143,1010.9,0.12,9.0,23.0,1.0,117.7
Llama2-70B,dda,,9,2.143,1010.9,0.13,9.0,23.0,1.0,117.7
Llama2-70B,dda,,9,2.143,1010.9,0.14,9.0,23.0,1.0,117.7
Llama2-70B,dda,,9,2.143,1010.9,0.15,9.0,23.0,1.0,117.7
Llama2-70B,dda,,9,2.143,1010.9,0.16,9.0,23.0,1.0,117.7
Llama2-70B,dda,,9,2.143,1010.9,0.17,9.0,23.0,1.0,117.7
Llama2-70B,dda,,9,2.143,1010.9,0.18,9.0,23.0,1.0,117.7
Llama2-70B,dda,,9,2.143,1010.9,0.19,9.0,23.0,1.0,117.7
Llama2-70B,dda,,9,2.143,1010.9,0.2,9.0,23.0,1.0,117.7
Llama2-70B,dda,,9,2.143,1010.9,0.21,9.0,23.0,1.0,117.7
Llama2-70B,dda,,9,2.143,1010.9,0.22,9.0,23.0,1.0,117.7
Llama2-70B,dda,,9,2.143,1010.9,0.23,9.0,23.0,1.0,117.7
Llama2-70B,dda,,9,2.143,1010.9,0.24,9.0,23.0,1.0,117.7
Llama2-70B,dda,,9,2.143,1010.9,0.25,9.0,23.0,1.0,117.7
Llama2-70B,dda,,9,2.143,1010.9,0.26,9.0,23.0,1.0,117.7
Llama2-70B,dda,,9,2.143,1010.9,0.27,9.0,23.0,1.0,117.7
Llama2-70B,dda,,9,2.143,1010.9,0.28,9.0,23.0,1.0,117.7
Llama2-70B,dda,,9,2.143,1010.9,0.29,9.0,23.0,1.0,117.7
Llama2-70B,dda,,9,2.143,1010.9,0.3,9.0,23.0,1.0,117.7
Llama2-70B,dda,,9,2.143,1010.9,0.31,9.0,23.0,1.0,117.7
Llama2-70B,dda,,9,2.143,1010.9,0.32,9.0,23.0,1.0,117.7
Llama2-70B,dda,,9,2.143,1010.9,0.33,9.0,23.0,1.0,117.7
Llama2-70B,dda,,9,2.143,1010.9,0.34,9.0,23.0,1.0,117.7
Llama2-70B,dda,,9,2.143,1010.9,0.35,9.0,23.0,1.0,117.7
Llama2-70B,dda,,9,2.143,1010.9,0.36,9.0,23.0,1.0,117.7
Llama2-70B,dda,,9,2.143,1010.9,0.37,9.0,23.0,1.0,117.7
Llama2-70B,dda,,9,2.143,1010.9,0.38,9.0,23.0,1.0,117.7
Llama2-70B,dda,,9,2.143,1010.9,0.39,9.0,23.0,1.0,117.7
Llama2-70B,dda,,9,2.143,1010.9,0.4,9.0,23.0,1.0,117.7
Llama2-70B,dda,,9,2.143,1010.9,0.41,9.0,23.0,1.0,117.7
Llama2-70B,dda,,9,2.143,1010.9,0.42,9.0,23.0,1.0,117.7
Llama2-70B,dda,,9,2.143,1010.9,0.43,9.0,23.0,1.0,117.7
Llama2-70B,dda,,9,2.143,1010.9,0.44,9.0,23.0,1.0,117.7
Llama2-70B,dda,,9,2.143,1010.9,0.45,9.0,23.0,1.0,117.7
Llama2-70B,dda,,9,2.143,1010.9,0.46,9.0,23.0,1.0,117.7
Llama2-70B,dda,,9,2.143,1010.9,0.47,9.0,23.0,1.0,117.7
Llama2-70B,dda,,9,2.143,1010.9,0.48,9.0,23.0,1.0,117.7
Llama2-70B,dda,,9,2.143,1010.9,0.49,9.0,23.0,1.0,117.7
Llama2-70B,dda,,9,2.143,1010.9,0.5,9.0,23.0,1.0,117.7
Llama2-70B,dda,,9,2.143,1010.9,0.51,9.0,23.0,1.0,117.7
Llama2-70B,dda,,9,2.143,1010.9,0.52,9.0,23.0,1.0,117.7
Llama2-70B,dda,,9,2.143,1010.9,0.53,9.0,23.0,1.0,117.7
Llama2-70B,dda,,9,2.143,1010.9,0.54,9.0,23.0,1.0,117.7
Llama2-70B,dda,,9,2.143,1010.9,0.55,9.0,23.0,1.0,117.7
Llama2-70B,dda,,10,2.096,1010.9,0.56,10.0,22.0,1.0,117.7
Llama2-70B,dda,,10,2.096,1010.9,0.57,10.0,22.0,1.0,117.7
Llama2-70B,dda,,10,2.096,1010.9,0.58,10.0,22.0,1.0,117.7
Llama2-70B,dda,,10,2.096,1010.9,0.59,10.0,22.0,1.0,117.7
Llama2-70B,dda,,10,2.096,1010.9,0.6,10.0,22.0,1.0,117.7
Llama2-70B,dda,,10,2.096,1010.9,0.61,10.0,22.0,1.0,117.7
Llama2-70B,dda,,10,2.096,1010.9,0.62,10.0,22.0,1.0,117.7
Llama2-70B,dda,,10,2.096,1010.9,0.63,10.0,22.0,1.0,117.7
Llama2-70B,dda,,10,2.096,1010.9,0.64,10.0,22.0,1.0,117.7
Llama2-70B,dda,,10,2.096,1010.9,0.65,10.0,22.0,1.0,117.7
Llama2-70B,dda,,10,2.096,1010.9,0.66,10.0,22.0,1.0,117.7
Llama2-70B,dda,,10,2.096,1010.9,0.67,10.0,22.0,1.0,117.7
Llama2-70B,dda,,10,2.096,1010.9,0.68,10.0,22.0,1.0,117.7
Llama2-70B,dda,,10,2.096,1010.9,0.69,10.0,22.0,1.0,117.7
Llama2-70B,dda,,10,2.096,1010.9,0.7,10.0,22.0,1.0,117.7
Llama2-70B,dda,,10,2.096,1010.9,0.71,10.0,22.0,1.0,117.7
Llama2-70B,dda,,10,2.096,1010.9,0.72,10.0,22.0,1.0,117.7
Llama2-70B,dda,,10,2.096,1010.9,0.73,10.0,22.0,1.0,117.7
Llama2-70B,dda,,10,2.096,1010.9,0.74,10.0,22.0,1.0,117.7
Llama2-70B,dda,,10,2.096,1010.9,0.75,10.0,22.0,1.0,117.7
Llama2-70B,dda,,10,2.096,1010.9,0.76,10.0,22.0,1.0,117.7
Llama2-70B,dda,,10,2.096,1010.9,0.77,10.0,22.0,1.0,117.7
Llama2-70B,dda,,10,2.096,1010.9,0.78,10.0,22.0,1.0,117.7
Llama2-70B,dda,,12,2.063,1010.9,0.79,12.0,20.0,1.0,117.7
Llama2-70B,dda,,12,2.063,1010.9,0.8,12.0,20.0,1.0,117.7
Llama2-70B,dda,,16,1.891,756.2,0.81,16.0,16.0,1.0,117.7
Llama2-70B,dda,,16,1.891,756.2,0.82,16.0,16.0,1.0,117.7
Llama2-70B,dda,,16,1.891,756.2,0.83,16.0,16.0,1.0,117.7
Llama2-70B,dda,,16,1.891,756.2,0.84,16.0,16.0,1.0,117.7
Llama2-70B,dda,,16,1.891,756.2,0.85,16.0,16.0,1.0,117.7
Llama2-70B,dda,,16,1.891,756.2,0.86,16.0,16.0,1.0,117.7
Llama2-70B,dda,,16,1.891,756.2,0.87,16.0,16.0,1.0,117.7
Llama2-70B,dda,,16,1.891,756.2,0.88,16.0,16.0,1.0,117.7
Llama2-70B,dda,,16,1.891,756.2,0.89,16.0,16.0,1.0,117.7
Llama2-70B,dda,,16,1.891,756.2,0.9,16.0,16.0,1.0,117.7
Llama2-70B,dda,,16,1.891,756.2,0.91,16.0,16.0,1.0,117.7
Llama2-70B,dda,,16,1.891,756.2,0.92,16.0,16.0,1.0,117.7
Llama2-70B,dda,,16,1.891,756.2,0.93,16.0,16.0,1.0,117.7
Llama2-70B,dda,,16,1.891,756.2,0.94,16.0,16.0,1.0,117.7
Llama2-70B,dda,,16,1.891,756.2,0.95,16.0,16.0,1.0,117.7
Llama2-70B,dda,,16,1.891,756.2,0.96,16.0,16.0,1.0,117.7
Llama2-70B,dda,,16,1.891,756.2,0.97,16.0,16.0,1.0,117.7
Llama2-70B,dda,,16,1.891,756.2,0.98,16.0,16.0,1.0,117.7
