Model,devices,cfg,pp,tp,lat_TTFT_s,eff_lat_s,batch_lat_s,total_tput,served_total,queued,spill_frac,unmet_frac,feasible,kind,lambda,alpha,N_L,N_T,k,TP,batch_tput
Llama2-7B,32,PP2/TP16,2.0,16.0,0.3978,0.3978,3.49,1210.9,1210.9,4011.5,0.0,0.7681,False,static32,5222.5,0.3,,,,,
Llama2-7B,32,PP1/TP32,1.0,32.0,0.4013,0.4013,3.51,601.5,601.5,4621.0,0.0,0.8848,False,static32,5222.5,0.3,,,,,
Llama2-7B,32,PP4/TP8,4.0,8.0,0.4036,0.4036,3.53,2395.5,2395.5,2827.0,0.0,0.5413,False,static32,5222.5,0.3,,,,,
Llama2-7B,32,PP8/TP4,8.0,4.0,0.4576,0.4576,3.91,4316.7,4316.7,905.8,0.0,0.1734,False,static32,5222.5,0.3,,,,,
Llama2-7B,32,PP16/TP2,16.0,2.0,0.562,0.562,4.68,7218.4,5222.5,0.0,0.0,0.0,True,static32,5222.5,0.3,,,,,
Llama2-7B,32,PP32/TP1,32.0,1.0,0.7181,0.7181,5.87,11505.4,5222.5,0.0,0.0,0.0,True,static32,5222.5,0.3,,,,,
Llama2-7B,8,PP1/TP8,1.0,8.0,0.4036,0.4036,3.53,598.9,598.9,4623.6,0.0,0.8853,False,native,5222.5,0.3,,,,,
Llama2-7B,8,PP2/TP4,2.0,4.0,0.4576,0.4576,3.91,1079.2,1079.2,4143.3,0.0,0.7934,False,native,5222.5,0.3,,,,,
Llama2-7B,8,PP4/TP2,4.0,2.0,0.562,0.562,4.68,1804.6,1804.6,3417.9,0.0,0.6545,False,native,5222.5,0.3,,,,,
Llama2-7B,8,PP8/TP1,8.0,1.0,0.7821,0.7821,6.3,2683.2,2683.2,2539.3,0.0,0.4862,False,native,5222.5,0.3,,,,,
Llama2-7B,8,PP32/TP1,32.0,1.0,2.478,2.478,20.89,3234.5,3234.5,1988.0,0.0,0.3807,False,native,5222.5,0.3,,,,,
Llama2-13B,32,PP1/TP32,1.0,32.0,0.5875,0.5875,5.3,398.6,398.6,2310.4,0.0,0.8528,False,static32,2709.0,0.3,,,,,
Llama2-13B,32,PP2/TP16,2.0,16.0,0.5974,0.5974,5.36,787.6,787.6,1921.5,0.0,0.7093,False,static32,2709.0,0.3,,,,,
Llama2-13B,32,PP4/TP8,4.0,8.0,0.6674,0.6674,5.83,1450.3,1450.3,1258.8,0.0,0.4647,False,static32,2709.0,0.3,,,,,
Llama2-13B,32,PP8/TP4,8.0,4.0,0.7555,0.7555,6.46,2617.3,2617.3,91.7,0.0,0.0339,False,static32,2709.0,0.3,,,,,
Llama2-13B,32,PP40/TP1,40.0,1.0,2.3622,2.3622,19.19,4402.4,2709.0,0.0,0.0,0.0,True,static32,2709.0,0.3,,,,,
Llama2-13B,20,PP1/TP20,1.0,20.0,0.5978,0.5978,5.37,393.6,393.6,2315.4,0.0,0.8547,False,native,2709.0,0.3,,,,,
Llama2-13B,20,PP2/TP10,2.0,10.0,0.6075,0.6075,5.43,778.0,778.0,1931.1,0.0,0.7128,False,native,2709.0,0.3,,,,,
Llama2-13B,20,PP4/TP5,4.0,5.0,0.6921,0.6921,6.02,1404.2,1404.2,1304.9,0.0,0.4817,False,native,2709.0,0.3,,,,,
Llama2-13B,20,PP5/TP4,5.0,4.0,0.7555,0.7555,6.46,1635.8,1635.8,1073.2,0.0,0.3962,False,native,2709.0,0.3,,,,,
Llama2-13B,20,PP10/TP2,10.0,2.0,0.9458,0.9458,7.83,2696.2,2696.2,12.9,0.0,0.0048,False,native,2709.0,0.3,,,,,
Llama2-13B,20,PP20/TP1,20.0,1.0,1.3672,1.3672,10.87,3886.2,2709.0,0.0,0.0,0.0,True,native,2709.0,0.3,,,,,
Llama2-13B,20,PP40/TP1,40.0,1.0,2.3622,2.3622,19.19,4402.4,2709.0,0.0,0.0,0.0,True,native,2709.0,0.3,,,,,
Llama2-70B,32,PP1/TP32,1.0,32.0,1.809,1.809,17.46,120.9,120.9,383.6,0.0,0.7603,False,static32,504.5,0.3,,,,,
Llama2-70B,32,PP2/TP16,2.0,16.0,1.8907,1.8907,18.0,234.6,234.6,269.9,0.0,0.535,False,static32,504.5,0.3,,,,,
Llama2-70B,32,PP4/TP8,4.0,8.0,2.1356,2.1356,19.62,430.6,430.6,73.9,0.0,0.1466,False,static32,504.5,0.3,,,,,
Llama2-70B,32,PP8/TP4,8.0,4.0,2.7011,2.7011,23.5,719.1,504.5,0.0,0.0,0.0,True,static32,504.5,0.3,,,,,
Llama2-70B,32,PP16/TP2,16.0,2.0,3.8394,3.8394,31.36,1077.4,504.5,0.0,0.0,0.0,True,static32,504.5,0.3,,,,,
Llama2-70B,32,PP80/TP1,80.0,1.0,17.8201,17.8201,134.97,1251.9,504.5,0.0,0.0,0.0,True,static32,504.5,0.3,,,,,
Llama2-7B,32,3xTP8/N_T8,,,0.404,0.404,20.89,5031.1,5031.1,191.4,0.0,0.0,False,dda,5222.5,0.3,24.0,8.0,3.0,8.0,3234.5
Llama2-7B,32,4xTP6/N_T8,,,0.445,0.445,20.89,5454.8,5222.5,0.0,0.0,0.0,True,dda,5222.5,0.3,24.0,8.0,4.0,6.0,3234.5
Llama2-7B,32,3xTP7/N_T11,,,0.446,0.446,16.56,5655.1,5222.5,0.0,0.0,0.0,True,dda,5222.5,0.3,21.0,11.0,3.0,7.0,3991.7
Llama2-7B,32,5xTP5/N_T7,,,0.45,0.45,25.11,5194.2,5194.2,28.3,0.0,0.0,False,dda,5222.5,0.3,25.0,7.0,5.0,5.0,2453.6
Llama2-7B,32,4xTP4/N_T16,,,0.458,0.458,10.83,8397.4,5222.5,0.0,0.0,0.0,True,dda,5222.5,0.3,16.0,16.0,4.0,4.0,6239.1
Llama2-7B,32,6xTP4/N_T8,,,0.458,0.458,20.89,6472.0,5222.5,0.0,0.0,0.0,True,dda,5222.5,0.3,24.0,8.0,6.0,4.0,3234.5
Llama2-7B,32,7xTP3/N_T11,,,0.507,0.507,16.56,7456.3,5222.5,0.0,0.0,0.0,True,dda,5222.5,0.3,21.0,11.0,7.0,3.0,3991.7
Llama2-7B,32,8xTP3/N_T8,,,0.507,0.507,20.89,7194.0,5222.5,0.0,0.0,0.0,True,dda,5222.5,0.3,24.0,8.0,8.0,3.0,3234.5
Llama2-7B,32,8xTP2/N_T16,,,0.562,0.562,10.83,9848.3,5222.5,0.0,0.0,0.0,True,dda,5222.5,0.3,16.0,16.0,8.0,2.0,6239.1
Llama2-7B,32,11xTP2/N_T10,,,0.562,0.562,17.99,8197.1,5222.5,0.0,0.0,0.0,True,dda,5222.5,0.3,22.0,10.0,11.0,2.0,3234.5
Llama2-7B,32,12xTP2/N_T8,,,0.562,0.562,20.89,8648.3,5222.5,0.0,0.0,0.0,True,dda,5222.5,0.3,24.0,8.0,12.0,2.0,3234.5
Llama2-7B,32,13xTP2/N_T6,,,0.562,0.562,29.65,7917.1,5222.5,0.0,0.0,0.0,True,dda,5222.5,0.3,26.0,6.0,13.0,2.0,2052.2
Llama2-7B,32,16xTP1/N_T16,,,0.782,0.782,10.83,11605.5,5222.5,0.0,0.0,0.0,True,dda,5222.5,0.3,16.0,16.0,16.0,1.0,6239.1
Llama2-7B,32,17xTP1/N_T15,,,0.782,0.782,12.1,9693.5,5222.5,0.0,0.0,0.0,True,dda,5222.5,0.3,17.0,15.0,17.0,1.0,3991.7
Llama2-7B,32,21xTP1/N_T11,,,0.782,0.782,16.56,11035.1,5222.5,0.0,0.0,0.0,True,dda,5222.5,0.3,21.0,11.0,21.0,1.0,3991.7
Llama2-7B,32,22xTP1/N_T10,,,0.782,0.782,17.99,10613.3,5222.5,0.0,0.0,0.0,True,dda,5222.5,0.3,22.0,10.0,22.0,1.0,3234.5
Llama2-7B,32,24xTP1/N_T8,,,0.782,0.782,20.89,11284.1,5222.5,0.0,0.0,0.0,True,dda,5222.5,0.3,24.0,8.0,24.0,1.0,3234.5
Llama2-7B,32,25xTP1/N_T7,,,0.782,0.782,25.11,10838.6,5222.5,0.0,0.0,0.0,True,dda,5222.5,0.3,25.0,7.0,25.0,1.0,2453.6
Llama2-7B,32,26xTP1/N_T6,,,0.782,0.782,29.65,10772.6,5222.5,0.0,0.0,0.0,True,dda,5222.5,0.3,26.0,6.0,26.0,1.0,2052.2
Llama2-7B,32,2xTP8/N_T16,,,0.404,2.8603,10.83,7436.8,5222.5,0.0,0.2355,0.0,True,dda,5222.5,0.3,16.0,16.0,2.0,8.0,6239.1
Llama2-7B,32,1xTP1/N_T31,,,0.782,5.1179,6.3,6574.5,5222.5,0.0,0.7859,0.0,True,dda,5222.5,0.3,1.0,31.0,1.0,1.0,6239.1
Llama2-13B,32,3xTP6/N_T14,,,0.678,0.678,28.58,3925.8,2709.0,0.0,0.0,0.0,True,dda,2709.0,0.3,18.0,14.0,3.0,6.0,2853.6
Llama2-13B,32,4xTP5/N_T12,,,0.692,0.692,32.73,3673.4,2709.0,0.0,0.0,0.0,True,dda,2709.0,0.3,20.0,12.0,4.0,5.0,2269.2
Llama2-13B,32,3xTP4/N_T20,,,0.755,0.755,19.19,5383.9,2709.0,0.0,0.0,0.0,True,dda,2709.0,0.3,12.0,20.0,3.0,4.0,4402.4
Llama2-13B,32,5xTP4/N_T12,,,0.755,0.755,32.73,3905.0,2709.0,0.0,0.0,0.0,True,dda,2709.0,0.3,20.0,12.0,5.0,4.0,2269.2
Llama2-13B,32,4xTP3/N_T20,,,0.83,0.83,19.19,5611.7,2709.0,0.0,0.0,0.0,True,dda,2709.0,0.3,12.0,20.0,4.0,3.0,4402.4
Llama2-13B,32,6xTP3/N_T14,,,0.83,0.83,28.58,4667.5,2709.0,0.0,0.0,0.0,True,dda,2709.0,0.3,18.0,14.0,6.0,3.0,2853.6
Llama2-13B,32,6xTP2/N_T20,,,0.946,0.946,19.19,6020.1,2709.0,0.0,0.0,0.0,True,dda,2709.0,0.3,12.0,20.0,6.0,2.0,4402.4
Llama2-13B,32,7xTP2/N_T18,,,0.946,0.946,22.44,4740.9,2709.0,0.0,0.0,0.0,True,dda,2709.0,0.3,14.0,18.0,7.0,2.0,2853.6
Llama2-13B,32,9xTP2/N_T14,,,0.946,0.946,28.58,5280.1,2709.0,0.0,0.0,0.0,True,dda,2709.0,0.3,18.0,14.0,9.0,2.0,2853.6
Llama2-13B,32,10xTP2/N_T12,,,0.946,0.946,32.73,4965.4,2709.0,0.0,0.0,0.0,True,dda,2709.0,0.3,20.0,12.0,10.0,2.0,2269.2
Llama2-13B,32,11xTP2/N_T10,,,0.946,0.946,37.23,5235.0,2709.0,0.0,0.0,0.0,True,dda,2709.0,0.3,22.0,10.0,11.0,2.0,2269.2
Llama2-13B,32,2xTP10/N_T12,,,0.607,1.9791,32.73,3047.2,2709.0,0.0,0.0427,0.0,True,dda,2709.0,0.3,20.0,12.0,2.0,10.0,2269.2
Llama2-13B,32,2xTP6/N_T20,,,0.678,2.9082,19.19,5117.2,2709.0,0.0,0.1205,0.0,True,dda,2709.0,0.3,12.0,20.0,2.0,6.0,4402.4
Llama2-13B,32,2xTP7/N_T18,,,0.667,3.0093,22.44,3578.9,2709.0,0.0,0.1076,0.0,True,dda,2709.0,0.3,14.0,18.0,2.0,7.0,2853.6
Llama2-13B,32,2xTP9/N_T14,,,0.651,3.2015,28.58,3592.1,2709.0,0.0,0.0913,0.0,True,dda,2709.0,0.3,18.0,14.0,2.0,9.0,2853.6
Llama2-13B,32,1xTP2/N_T30,,,0.946,10.2016,14.8,4672.0,2709.0,0.0,0.6683,0.0,True,dda,2709.0,0.3,2.0,30.0,1.0,2.0,4402.4
Llama2-70B,32,1xTP9/N_T23,,,2.143,45.886,152.75,1118.3,504.5,0.0,0.2904,0.0,True,dda,504.5,0.3,9.0,23.0,1.0,9.0,1010.9
Llama2-70B,32,1xTP12/N_T20,,,2.063,46.847,167.15,1121.2,504.5,0.0,0.2713,0.0,True,dda,504.5,0.3,12.0,20.0,1.0,12.0,1010.9
Llama2-70B,32,1xTP13/N_T19,,,2.056,50.3727,181.47,866.8,504.5,0.0,0.2693,0.0,True,dda,504.5,0.3,13.0,19.0,1.0,13.0,756.2
Llama2-70B,32,1xTP16/N_T16,,,1.891,51.7465,223.44,873.5,504.5,0.0,0.225,0.0,True,dda,504.5,0.3,16.0,16.0,1.0,16.0,756.2
